"inventory_id","inventory_version","conceptual_activity","gcam_label_status","priority","include_in_mvp","gcam_cluster","gcam_sector","gcam_subsector","gcam_technology","gcam_fuel","activity_variable","activity_unit","direct_emissions_scope","process_emissions_possible","combustion_emissions_possible","electricity_only","air_quality_supplemental","scenario_driver","required_pollutants","preferred_ef_basis","annual_activity_source_ids","status","rationale","notes"
"ind_steel_bf_bof","0.2.0","Steel BF/BOF process","conceptual_pending_model_file","P1","true","industry","steel","integrated_steel","blast_furnace_basic_oxygen_furnace","coal_and_process","crude_steel_production","tonne crude steel","process","true","false","false","false","steel production by route","NOx|SOx|PM2.5|PM10|TSP|VOCs|CO|BC","tonne crude steel","gcam_kaist_external|kosa_steel|kosis_industry","partially_available","Core Korean integrated-steel process source.","Keep process emissions separate from coke, sinter, and fuel combustion."
"ind_steel_eaf","0.2.0","Steel EAF process","conceptual_pending_model_file","P1","true","industry","steel","secondary_steel","electric_arc_furnace","electricity_and_scrap","eaf_crude_steel_production","tonne EAF steel","process","true","false","false","false","EAF steel production","NOx|SOx|PM2.5|PM10|TSP|VOCs","tonne EAF steel","gcam_kaist_external|kosa_steel|kosis_industry","available","CAPSS defines EAF activity as crude steel output.","Electricity input has no direct EF; furnace process dust remains direct."
"ind_steel_sinter","0.2.0","Sinter production","conceptual_pending_model_file","P1","true","industry","steel","integrated_steel","sinter_plant","solid_fuels","sinter_production","tonne sinter","process","true","false","false","false","integrated steel and sinter output","NOx|SOx|PM2.5|PM10|TSP|VOCs|CO|BC","tonne sinter","gcam_kaist_external|kosa_steel|kosis_industry","partially_available","Sinter has a distinct CAPSS process source and denominator.","Exclude sinter-fuel combustion when represented in steel combustion."
"ind_steel_coke_ovens","0.2.0","Coke ovens","conceptual_pending_model_file","P1","true","industry","steel","integrated_steel","coke_oven","coking_coal","coke_production","tonne coke","process","true","false","false","false","coke production","NOx|SOx|PM2.5|PM10|TSP|VOCs|CO|BC","tonne coke","gcam_kaist_external|kosa_steel|kosis_industry","partially_available","Coke-oven leaks and quenching are separate process sources.","Do not combine with coking-fuel combustion."
"ind_steel_rolling","0.2.0","Steel rolling and finishing","conceptual_pending_model_file","P2","false","industry","steel","finishing","rolling_and_finishing","fuel_specific","finished_steel_output","tonne finished steel","combustion_and_process","true","true","false","false","finished steel production","NOx|SOx|PM2.5|PM10|TSP|VOCs|CO","tonne finished steel","gcam_kaist_external|kosa_steel|kosis_industry","proxy_required","CAPSS has reheating-furnace and solvent sources but not one combined exact activity.","Separate reheating combustion and coating solvents when native activity arrives."
"ind_steel_combustion","0.2.0","Steel industrial fuel combustion","conceptual_pending_model_file","P1","true","industry","steel","all_routes","industrial_combustion","fuel_specific","steel_fuel_consumption","TJ fuel","combustion","false","true","false","false","steel fuel demand by fuel","NOx|SOx|PM2.5|PM10|TSP|VOCs|NH3|CO|BC","TJ fuel consumed","gcam_kaist_external|kesis_survey|kesis_balance","partially_available","Fuel combustion is required independently of steel process factors.","Resolve fuel-specific native GCAM rows before EF application."
"ind_cement_clinker","0.2.0","Cement clinker production","conceptual_pending_model_file","P1","true","industry","cement","clinker","clinker_kiln_process","process_material","clinker_production","tonne clinker","process","true","false","false","false","clinker production","NOx|SOx|PM2.5|PM10|TSP|CO","tonne clinker","gcam_kaist_external|cement_statistics|kosis_industry","partially_available","Clinker is the preferred physical denominator for kiln process emissions.","Exclude kiln fuel combustion from this process row."
"ind_cement_grinding","0.2.0","Cement grinding","conceptual_pending_model_file","P2","false","industry","cement","grinding","cement_grinding","electricity","cement_production","tonne cement","process","true","false","false","false","cement production","PM2.5|PM10|TSP","tonne cement","gcam_kaist_external|cement_statistics|kosis_industry","proxy_required","Grinding particulate is distinct from clinker production.","Electricity use itself receives no direct EF."
"ind_cement_kiln_combustion","0.2.0","Cement kiln fuel combustion","conceptual_pending_model_file","P1","true","industry","cement","clinker","kiln_combustion","fuel_specific","kiln_fuel_consumption","TJ fuel","combustion","false","true","false","false","cement kiln fuel by fuel","NOx|SOx|PM2.5|PM10|TSP|VOCs|CO|BC","TJ fuel consumed","gcam_kaist_external|kesis_survey|cement_statistics","partially_available","Kiln combustion varies by fuel and controls.","Keep separate from calcination/process emissions."
"ind_cement_fugitive","0.2.0","Cement fugitive particulate","conceptual_pending_model_file","P2","false","industry","cement","clinker_and_grinding","material_handling","process_material","cement_material_throughput","tonne material handled","fugitive","true","false","false","false","cement and clinker throughput","PM2.5|PM10|TSP","tonne material handled","cement_statistics|kosis_industry","proxy_required","Quarrying and handling dust need a throughput allocation.","Avoid overlap with stack particulate."
"ind_chem_organic","0.2.0","Organic chemical production","conceptual_pending_model_file","P1","true","industry","chemicals","organic","organic_chemical_process","feedstock_specific","organic_chemical_output","tonne chemical product","process","true","false","false","false","organic chemical output by product","NOx|SOx|PM2.5|PM10|TSP|VOCs|CO","tonne chemical product","gcam_kaist_external|kosis_industry","partially_available","CAPSS identifies product-specific organic chemical process sources.","Product mix must be retained for annual effective factors."
"ind_chem_inorganic","0.2.0","Inorganic chemical production","conceptual_pending_model_file","P1","true","industry","chemicals","inorganic","inorganic_chemical_process","feedstock_specific","inorganic_chemical_output","tonne chemical product","process","true","false","false","false","inorganic chemical output by product","NOx|SOx|PM2.5|PM10|TSP|VOCs|NH3|CO","tonne chemical product","gcam_kaist_external|kosis_industry","partially_available","CAPSS identifies multiple inorganic process products.","Do not average incompatible product factors without production weights."
"ind_chem_combustion","0.2.0","Chemical steam and process combustion","conceptual_pending_model_file","P1","true","industry","chemicals","steam_and_heat","industrial_combustion","fuel_specific","chemical_fuel_consumption","TJ fuel","combustion","false","true","false","false","chemical-sector fuel demand","NOx|SOx|PM2.5|PM10|TSP|VOCs|NH3|CO|BC","TJ fuel consumed","gcam_kaist_external|kesis_survey|kesis_balance","partially_available","Combustion is distinct from chemical process vents.","Fuel and control shares are required."
"ind_chem_storage_loading","0.2.0","Chemical storage and loading","conceptual_pending_model_file","P2","false","industry","chemicals","storage_and_loading","tank_and_loading_losses","volatile_products","chemical_throughput","tonne product handled","fugitive","true","false","false","false","chemical throughput and storage capacity","VOCs","tonne product handled","kosis_industry|capss_annual","proxy_required","VOCs depend on product volatility and tank/loading controls.","Future activity may require cubic metres rather than mass."
"ind_chem_flaring","0.2.0","Chemical flaring","conceptual_pending_model_file","P2","false","industry","chemicals","flaring","flare","flare_gas","flare_gas_energy","TJ flare gas","combustion","true","true","false","false","chemical output or flare gas","NOx|SOx|PM2.5|PM10|TSP|VOCs|CO|BC","TJ flare gas","capss_annual|kesis_survey","not_yet_researched","Flare activity is not available in the current model input.","Keep distinct from refinery flaring."
"ind_plastics_resin","0.2.0","Plastic resin production","conceptual_pending_model_file","P2","false","industry","plastics","resin","resin_production","feedstock_specific","resin_production","tonne resin","process","true","false","false","false","resin production by polymer","NOx|SOx|PM2.5|PM10|TSP|VOCs|CO","tonne resin","gcam_kaist_external|kosis_industry","partially_available","CAPSS organic-chemical categories identify major resins.","Treat as petrochemical process activity when model taxonomy allows."
"ind_plastics_products","0.2.0","Plastic-product manufacturing","conceptual_pending_model_file","P2","false","industry","plastics","products","plastic_product_manufacturing","fuel_and_solvent_specific","plastic_product_output","tonne plastic product","mixed_direct","true","true","false","false","plastic-product output","NOx|SOx|PM2.5|PM10|TSP|VOCs|CO","tonne plastic product","gcam_kaist_external|kosis_industry|kesis_survey","proxy_required","Combustion and solvent/process emissions need separate allocation.","No aggregate factor should be entered as a raw EF."
"ind_nonferrous_primary","0.2.0","Primary non-ferrous metals","conceptual_pending_model_file","P2","false","industry","nonferrous_metals","primary","primary_metal_production","metal_specific","primary_metal_output","tonne metal","combustion_and_process","true","true","false","false","primary metal output by metal","NOx|SOx|PM2.5|PM10|TSP|VOCs|CO|BC","tonne metal","gcam_kaist_external|kosis_industry|kesis_survey","proxy_required","Metal-specific process and furnace factors are required.","Do not pool aluminium, copper, lead, and zinc factors."
"ind_nonferrous_secondary","0.2.0","Secondary non-ferrous metals","conceptual_pending_model_file","P2","false","industry","nonferrous_metals","secondary","secondary_metal_production","metal_specific","secondary_metal_output","tonne metal","combustion_and_process","true","true","false","false","secondary metal output by metal","NOx|SOx|PM2.5|PM10|TSP|VOCs|CO|BC","tonne metal","gcam_kaist_external|kosis_industry|kesis_survey","proxy_required","Secondary furnaces differ from primary production.","Preserve metal and furnace type."
"ind_pulp","0.2.0","Pulp production","conceptual_pending_model_file","P2","false","industry","pulp_paper","pulp","pulp_production","feedstock_specific","pulp_production","tonne air-dry pulp","process","true","false","false","false","pulp production","NOx|SOx|PM2.5|PM10|TSP|VOCs|CO","tonne air-dry pulp","gcam_kaist_external|kosis_industry","proxy_required","Pulp process emissions require physical output.","Recovery boiler combustion is separate."
"ind_paper","0.2.0","Paper production","conceptual_pending_model_file","P2","false","industry","pulp_paper","paper","paper_production","product_specific","paper_production","tonne paper","combustion_and_process","true","true","false","false","paper production","NOx|SOx|PM2.5|PM10|TSP|VOCs|CO","tonne paper","gcam_kaist_external|kosis_industry|kesis_survey","proxy_required","Paper drying combustion and process emissions may coexist.","Keep fuel consumption separate when available."
"ind_pulp_recovery_boiler","0.2.0","Pulp recovery boilers","conceptual_pending_model_file","P2","false","industry","pulp_paper","pulp","recovery_boiler","black_liquor","black_liquor_energy","TJ black liquor","combustion","false","true","false","false","chemical-pulp output and black-liquor energy","NOx|SOx|PM2.5|PM10|TSP|VOCs|CO|BC","TJ black liquor","kosis_industry|kesis_survey","proxy_required","Recovery boilers require black-liquor activity and controls.","Do not proxy automatically with generic biomass combustion."
"ind_pulp_lime_kiln","0.2.0","Pulp lime kilns","conceptual_pending_model_file","P2","false","industry","pulp_paper","pulp","lime_kiln","fuel_specific","lime_kiln_output","tonne lime","combustion_and_process","true","true","false","false","chemical-pulp or lime output","NOx|SOx|PM2.5|PM10|TSP|CO","tonne lime","kosis_industry|kesis_survey","proxy_required","Lime kilns combine combustion and mineral process emissions.","Avoid overlap with recovery boilers."
"ind_other_mfg_combustion","0.2.0","Other manufacturing combustion","conceptual_pending_model_file","P1","true","industry","other_manufacturing","combustion","industrial_combustion","fuel_specific","manufacturing_fuel_consumption","TJ fuel","combustion","false","true","false","false","manufacturing energy by fuel","NOx|SOx|PM2.5|PM10|TSP|VOCs|NH3|CO|BC","TJ fuel consumed","gcam_kaist_external|kesis_survey|kesis_balance","partially_available","Residual manufacturing combustion needs fuel-specific factors.","Exclude named steel, cement, chemical, metal, and paper combustion."
"ind_other_mfg_process","0.2.0","Other manufacturing process emissions","conceptual_pending_model_file","P2","false","industry","other_manufacturing","process","manufacturing_process","product_specific","manufacturing_output","tonne product","process","true","false","false","false","manufacturing output by industry","NOx|SOx|PM2.5|PM10|TSP|VOCs|NH3|CO","tonne product","gcam_kaist_external|kosis_industry","not_yet_researched","Residual process sources require industry-specific denominators.","Retain unresolved activities rather than assigning zero."
"trn_road_passenger_gasoline_ldv","0.2.0","Passenger gasoline LDV","conceptual_pending_model_file","P1","true","transportation","road_passenger","light_duty_vehicle","gasoline_ldv","gasoline","vehicle_distance","vehicle-km","mobile_combustion","false","true","false","false","passenger travel and fleet shares","NOx|SOx|PM2.5|PM10|TSP|VOCs|NH3|CO|BC","vehicle-km","gcam_kaist_external|molit_vehicle_registration|molit_traffic","available","CAPSS has fuel, class, model-year, standard, and speed equations.","Evaporative VOC needs separate g/vehicle/day or g/trip terms."
"trn_road_passenger_diesel_ldv","0.2.0","Passenger diesel LDV","conceptual_pending_model_file","P1","true","transportation","road_passenger","light_duty_vehicle","diesel_ldv","diesel","vehicle_distance","vehicle-km","mobile_combustion","false","true","false","false","passenger travel and fleet shares","NOx|SOx|PM2.5|PM10|TSP|VOCs|NH3|CO|BC","vehicle-km","gcam_kaist_external|molit_vehicle_registration|molit_traffic","available","Diesel LDV requires model-year and control weighting.","Non-exhaust road dust is supplemental."
"trn_road_passenger_lpg_ldv","0.2.0","Passenger LPG LDV","conceptual_pending_model_file","P1","true","transportation","road_passenger","light_duty_vehicle","lpg_ldv","LPG","vehicle_distance","vehicle-km","mobile_combustion","false","true","false","false","passenger travel and fleet shares","NOx|SOx|PM2.5|PM10|TSP|VOCs|NH3|CO|BC","vehicle-km","gcam_kaist_external|molit_vehicle_registration|molit_traffic","available","CAPSS provides LPG class and model-year factors.","Taxi allocation may need a separate fleet share."
"trn_road_passenger_hybrid_ldv","0.2.0","Passenger hybrid LDV","conceptual_pending_model_file","P1","true","transportation","road_passenger","light_duty_vehicle","gasoline_hybrid_ldv","gasoline_and_electricity","vehicle_distance","vehicle-km","mobile_combustion","false","true","false","false","passenger travel and hybrid fleet shares","NOx|SOx|PM2.5|PM10|TSP|VOCs|NH3|CO|BC","vehicle-km","gcam_kaist_external|molit_vehicle_registration|molit_traffic","available","Only engine-on operation receives direct tailpipe factors.","Electric drive share changes the annual effective factor."
"trn_road_bus","0.2.0","Road buses","conceptual_pending_model_file","P1","true","transportation","road_passenger","bus","bus","diesel_CNG_and_electric","vehicle_distance","vehicle-km","mobile_combustion","false","true","false","false","bus travel by fuel and class","NOx|SOx|PM2.5|PM10|TSP|VOCs|NH3|CO|BC","vehicle-km","gcam_kaist_external|molit_vehicle_registration|molit_traffic","partially_available","CAPSS separates urban, intercity, charter, and express buses.","Electric bus distance has zero direct combustion and must be separated."
"trn_road_motorcycle","0.2.0","Motorcycles","conceptual_pending_model_file","P1","true","transportation","road_passenger","motorcycle","motorcycle","gasoline","vehicle_distance","vehicle-km","mobile_combustion","false","true","false","false","motorcycle travel and engine class","NOx|SOx|PM2.5|PM10|TSP|VOCs|NH3|CO|BC","vehicle-km","gcam_kaist_external|molit_vehicle_registration|molit_traffic","available","CAPSS separates displacement and model-year groups.","Deterioration and speed weighting remain annual calculations."
"trn_road_freight_lcv","0.2.0","Light commercial vehicles","conceptual_pending_model_file","P1","true","transportation","road_freight","light_commercial_vehicle","light_commercial_vehicle","fuel_specific","vehicle_distance","vehicle-km","mobile_combustion","false","true","false","false","freight travel by vehicle class","NOx|SOx|PM2.5|PM10|TSP|VOCs|NH3|CO|BC","vehicle-km","gcam_kaist_external|molit_vehicle_registration|molit_traffic","partially_available","Light freight must not be pooled with heavy trucks.","Resolve Korean CAPSS class boundary against model payload."
"trn_road_freight_mdv","0.2.0","Medium-duty freight trucks","conceptual_pending_model_file","P1","true","transportation","road_freight","medium_duty_truck","medium_duty_truck","diesel","vehicle_distance","vehicle-km","mobile_combustion","false","true","false","false","freight travel by vehicle class","NOx|SOx|PM2.5|PM10|TSP|VOCs|NH3|CO|BC","vehicle-km","gcam_kaist_external|molit_vehicle_registration|molit_traffic","partially_available","Medium freight factors differ from light and heavy classes.","CAPSS class allocation requires payload or registration weights."
"trn_road_freight_hdv","0.2.0","Heavy-duty freight trucks","conceptual_pending_model_file","P1","true","transportation","road_freight","heavy_duty_truck","heavy_duty_truck","diesel","vehicle_distance","vehicle-km","mobile_combustion","false","true","false","false","freight travel by vehicle class","NOx|SOx|PM2.5|PM10|TSP|VOCs|NH3|CO|BC","vehicle-km","gcam_kaist_external|molit_vehicle_registration|molit_traffic","available","Heavy truck factors require model year, standard, and speed.","Keep dump and concrete-mixer categories separate when activity permits."
"trn_rail_diesel_passenger","0.2.0","Diesel passenger rail","conceptual_pending_model_file","P1","true","transportation","rail","passenger","diesel_passenger_rail","diesel","traction_fuel_consumption","tonne diesel","mobile_combustion","false","true","false","false","passenger rail service and diesel share","NOx|SOx|PM2.5|PM10|TSP|VOCs|NH3|CO|BC","tonne diesel","gcam_kaist_external|rail_statistics|kesis_balance","partially_available","CAPSS rail activity is traction fuel consumption.","Only diesel traction receives direct emissions."
"trn_rail_diesel_freight","0.2.0","Diesel freight rail","conceptual_pending_model_file","P1","true","transportation","rail","freight","diesel_freight_rail","diesel","traction_fuel_consumption","tonne diesel","mobile_combustion","false","true","false","false","freight rail service and diesel share","NOx|SOx|PM2.5|PM10|TSP|VOCs|NH3|CO|BC","tonne diesel","gcam_kaist_external|rail_statistics|kesis_balance","partially_available","Freight rail must be allocated from traction fuel or locomotive work.","Passenger and freight may share CAPSS aggregate rail categories."
"trn_rail_electric_passenger","0.2.0","Electric passenger rail","conceptual_pending_model_file","P2","false","transportation","rail","passenger","electric_passenger_rail","electricity","passenger_rail_service","passenger-km","none_on_site","false","false","true","false","passenger rail demand","","not applicable","gcam_kaist_external|rail_statistics","not_applicable","Purchased electricity has no direct non-power EF.","Upstream emissions remain in the power module."
"trn_rail_electric_freight","0.2.0","Electric freight rail","conceptual_pending_model_file","P2","false","transportation","rail","freight","electric_freight_rail","electricity","freight_rail_service","tonne-km","none_on_site","false","false","true","false","freight rail demand","","not applicable","gcam_kaist_external|rail_statistics","not_applicable","Electric traction has no direct combustion emissions.","Upstream emissions remain in the power module."
"trn_aviation_passenger_lto","0.2.0","Domestic passenger aviation LTO","conceptual_pending_model_file","P1","true","transportation","aviation","passenger_lto","passenger_aircraft_lto","jet_fuel","landing_takeoff_cycles","LTO cycle","mobile_combustion","false","true","false","false","domestic passenger flights by aircraft","NOx|SOx|PM2.5|PM10|TSP|VOCs|CO|BC","LTO cycle","gcam_kaist_external|aviation_statistics","available","CAPSS represents aircraft-engine combinations and LTO modes.","Do not apply LTO factors to cruise activity."
"trn_aviation_passenger_cruise","0.2.0","Domestic passenger aviation cruise","conceptual_pending_model_file","P2","false","transportation","aviation","passenger_cruise","passenger_aircraft_cruise","jet_fuel","cruise_fuel_consumption","kg aviation fuel","mobile_combustion","false","true","false","false","domestic passenger flight distance and fuel","NOx|SOx|PM2.5|PM10|TSP|VOCs|CO|BC","kg aviation fuel","gcam_kaist_external|aviation_statistics|kesis_balance","proxy_required","Domestic cruise is distinct from airport LTO emissions.","Route and aircraft-engine shares are needed."
"trn_aviation_freight_lto","0.2.0","Domestic freight aviation LTO","conceptual_pending_model_file","P2","false","transportation","aviation","freight_lto","freight_aircraft_lto","jet_fuel","landing_takeoff_cycles","LTO cycle","mobile_combustion","false","true","false","false","domestic freight flights by aircraft","NOx|SOx|PM2.5|PM10|TSP|VOCs|CO|BC","LTO cycle","gcam_kaist_external|aviation_statistics","proxy_required","Freight LTO may require allocation from mixed passenger-cargo flights.","Keep aircraft-engine combinations."
"trn_aviation_freight_cruise","0.2.0","Domestic freight aviation cruise","conceptual_pending_model_file","P2","false","transportation","aviation","freight_cruise","freight_aircraft_cruise","jet_fuel","cruise_fuel_consumption","kg aviation fuel","mobile_combustion","false","true","false","false","domestic freight tonne-km and fuel","NOx|SOx|PM2.5|PM10|TSP|VOCs|CO|BC","kg aviation fuel","gcam_kaist_external|aviation_statistics|kesis_balance","proxy_required","Cruise allocation must handle belly freight explicitly.","Do not use passenger-km as a direct EF denominator."
"trn_shipping_passenger","0.2.0","Domestic passenger shipping","conceptual_pending_model_file","P1","true","transportation","shipping","passenger","passenger_vessel","marine_fuel_specific","marine_fuel_consumption","tonne marine fuel","mobile_combustion","false","true","false","false","passenger vessel calls, hours, and fuel","NOx|SOx|PM2.5|PM10|TSP|VOCs|CO|BC","tonne marine fuel","gcam_kaist_external|mof_shipping|port_mis|mof_ship_ef","partially_available","Passenger vessels require cruise, maneuvering, and hoteling weights.","Fuel sulfur and engine type must remain explicit."
"trn_shipping_freight","0.2.0","Domestic freight shipping","conceptual_pending_model_file","P1","true","transportation","shipping","freight","freight_vessel","marine_fuel_specific","marine_fuel_consumption","tonne marine fuel","mobile_combustion","false","true","false","false","freight vessel calls, hours, and fuel","NOx|SOx|PM2.5|PM10|TSP|VOCs|CO|BC","tonne marine fuel","gcam_kaist_external|mof_shipping|port_mis|mof_ship_ef","partially_available","Commercial freight fleet factors require engine, mode, and sulfur shares.","Never substitute leisure-vessel factors without a proxy flag."
"trn_shipping_fishing","0.2.0","Fishing vessels","conceptual_pending_model_file","P1","true","transportation","shipping","fishing","fishing_vessel","marine_diesel","marine_fuel_consumption","tonne marine fuel","mobile_combustion","false","true","false","false","fishing effort and fuel","NOx|SOx|PM2.5|PM10|TSP|VOCs|CO|BC","tonne marine fuel","gcam_kaist_external|mof_shipping|fisheries_statistics|mof_ship_ef","partially_available","CAPSS has a separate fishing-vessel source.","Distinguish fishing activity from freight shipping."
"trn_nonroad_construction","0.2.0","Construction machinery","conceptual_pending_model_file","P1","true","transportation","nonroad_machinery","construction","construction_machinery","diesel","nonroad_fuel_consumption","litre diesel","mobile_combustion","false","true","false","false","construction equipment stock, hours, and fuel","NOx|SOx|PM2.5|PM10|TSP|VOCs|NH3|CO|BC","litre diesel","gcam_kaist_external|construction_machinery_stats|kesis_balance","available","CAPSS separates equipment types, tier, year, power, and load.","Construction fugitive dust is a separate supplemental row."
"trn_nonroad_port_cargo","0.2.0","Port cargo-handling equipment","conceptual_pending_model_file","P2","false","transportation","nonroad_machinery","port","port_cargo_handling_equipment","diesel_and_electricity","equipment_energy","TJ fuel","mobile_combustion","false","true","false","false","port cargo throughput and equipment fleet","NOx|SOx|PM2.5|PM10|TSP|VOCs|CO|BC","TJ fuel consumed","port_mis|mof_shipping|kesis_balance","proxy_required","Direct diesel equipment emissions need port-specific fleet activity.","Electric equipment receives no direct factor."
"bld_residential_space_heat","0.2.0","Residential space heating direct combustion","conceptual_pending_model_file","P1","true","buildings","residential","space_heating","direct_combustion","fuel_specific","space_heating_fuel","TJ fuel","combustion","false","true","false","false","residential useful heat and fuel shares","NOx|SOx|PM2.5|PM10|TSP|VOCs|NH3|CO|BC","TJ fuel consumed","gcam_kaist_external|kesis_survey|kesis_balance","partially_available","Direct on-site fuels include gas, LPG, kerosene, oil, coal, and biomass.","Electric heat receives no direct non-power EF."
"bld_residential_water_heat","0.2.0","Residential water heating direct combustion","conceptual_pending_model_file","P2","false","buildings","residential","water_heating","direct_combustion","fuel_specific","water_heating_fuel","TJ fuel","combustion","false","true","false","false","residential water heat and fuel shares","NOx|SOx|PM2.5|PM10|TSP|VOCs|NH3|CO|BC","TJ fuel consumed","gcam_kaist_external|kesis_survey|kesis_balance","partially_available","Water heating fuel use may differ from space heating.","Preserve fuel-specific activity."
"bld_residential_cooking","0.2.0","Residential cooking direct combustion","conceptual_pending_model_file","P1","true","buildings","residential","cooking","cooking_combustion","natural_gas_and_LPG","cooking_fuel","TJ fuel","combustion","false","true","false","false","residential cooking energy by fuel","NOx|SOx|PM2.5|PM10|TSP|VOCs|NH3|CO|BC","TJ fuel consumed","gcam_kaist_external|kesis_survey|kesis_balance","partially_available","Cooking is separate from space and water heating.","Food-cooking aerosol is outside this combustion row."
"bld_commercial_space_heat","0.2.0","Commercial space heating direct combustion","conceptual_pending_model_file","P1","true","buildings","commercial","space_heating","direct_combustion","fuel_specific","space_heating_fuel","TJ fuel","combustion","false","true","false","false","commercial useful heat and fuel shares","NOx|SOx|PM2.5|PM10|TSP|VOCs|NH3|CO|BC","TJ fuel consumed","gcam_kaist_external|kesis_survey|kesis_balance","partially_available","Commercial boilers and engines have fuel-specific factors.","Purchased electricity is excluded from direct emissions."
"bld_commercial_water_heat","0.2.0","Commercial water heating direct combustion","conceptual_pending_model_file","P2","false","buildings","commercial","water_heating","direct_combustion","fuel_specific","water_heating_fuel","TJ fuel","combustion","false","true","false","false","commercial water heat and fuel shares","NOx|SOx|PM2.5|PM10|TSP|VOCs|NH3|CO|BC","TJ fuel consumed","gcam_kaist_external|kesis_survey|kesis_balance","partially_available","Water-heating controls and fuels require weighting.","Do not reuse residential factors without proxy documentation."
"bld_commercial_cooking","0.2.0","Commercial cooking direct combustion","conceptual_pending_model_file","P1","true","buildings","commercial","cooking","cooking_combustion","natural_gas_and_LPG","cooking_fuel","TJ fuel","combustion","false","true","false","false","commercial cooking energy by fuel","NOx|SOx|PM2.5|PM10|TSP|VOCs|NH3|CO|BC","TJ fuel consumed","gcam_kaist_external|kesis_survey|kesis_balance","partially_available","Combustion is distinct from meat/fish cooking aerosol.","The latter may be added as supplemental biogenic combustion."
"bld_public_space_heat","0.2.0","Public-building space heating direct combustion","conceptual_pending_model_file","P1","true","buildings","public","space_heating","direct_combustion","fuel_specific","space_heating_fuel","TJ fuel","combustion","false","true","false","false","public-building heat and fuel shares","NOx|SOx|PM2.5|PM10|TSP|VOCs|NH3|CO|BC","TJ fuel consumed","gcam_kaist_external|kesis_survey|kesis_balance","partially_available","Public facilities are separated from commercial buildings.","Electric heat has no direct factor."
"bld_public_water_heat","0.2.0","Public-building water heating direct combustion","conceptual_pending_model_file","P2","false","buildings","public","water_heating","direct_combustion","fuel_specific","water_heating_fuel","TJ fuel","combustion","false","true","false","false","public-building water heat and fuel shares","NOx|SOx|PM2.5|PM10|TSP|VOCs|NH3|CO|BC","TJ fuel consumed","gcam_kaist_external|kesis_survey|kesis_balance","partially_available","Retain public-building service and fuel identity.","Controls may differ from commercial facilities."
"agr_livestock_cattle","0.2.0","Beef cattle manure and housing","conceptual_pending_model_file","P1","true","agriculture_land","livestock","cattle","cattle","not_applicable","animal_population","animal-year","fugitive","true","false","false","false","cattle population and manure system","PM2.5|PM10|TSP|NH3","animal-year","gcam_kaist_external|livestock_statistics|korean_livestock_nh3_paper","partially_available","Housing, storage, and application factors require system shares.","CAPSS also has livestock fugitive particulate; prevent overlap."
"agr_livestock_dairy","0.2.0","Dairy cattle manure and housing","conceptual_pending_model_file","P1","true","agriculture_land","livestock","dairy_cattle","dairy_cattle","not_applicable","animal_population","animal-year","fugitive","true","false","false","false","dairy population and manure system","PM2.5|PM10|TSP|NH3","animal-year","gcam_kaist_external|livestock_statistics|korean_livestock_nh3_paper","partially_available","Dairy factors differ from other cattle.","Weight housing, storage, and land application."
"agr_livestock_swine","0.2.0","Swine manure and housing","conceptual_pending_model_file","P1","true","agriculture_land","livestock","swine","swine","not_applicable","animal_population","animal-year","fugitive","true","false","false","false","swine population by age and manure system","PM2.5|PM10|TSP|NH3","animal-year","gcam_kaist_external|livestock_statistics|korean_livestock_nh3_paper","partially_available","CAPSS distinguishes swine age classes in factor derivation.","Annual effective EF needs age and manure-system weights."
"agr_livestock_poultry","0.2.0","Poultry manure and housing","conceptual_pending_model_file","P1","true","agriculture_land","livestock","poultry","poultry","not_applicable","animal_population","animal-year","fugitive","true","false","false","false","poultry population by type and manure system","PM2.5|PM10|TSP|NH3","animal-year","gcam_kaist_external|livestock_statistics|korean_livestock_nh3_paper","partially_available","Layers, broilers, and breeders require separate weights.","Other poultry should not be silently folded into chickens."
"agr_livestock_other","0.2.0","Other livestock manure and housing","conceptual_pending_model_file","P2","false","agriculture_land","livestock","other","other_livestock","not_applicable","animal_population","animal-year","fugitive","true","false","false","false","other animal population and manure system","PM2.5|PM10|TSP|NH3","animal-year","livestock_statistics|capss_annual","proxy_required","Includes goats, sheep, horses, and other material Korean categories.","Species-specific research gap remains."
"agr_fertilizer","0.2.0","Fertilizer application","conceptual_pending_model_file","P1","true","agriculture_land","cropland","fertilizer","fertilizer_application","fertilizer_specific","nitrogen_applied","kg nitrogen applied","fugitive","true","false","false","false","cropland, fertilizer type, and nitrogen rate","NH3","kg nitrogen applied","gcam_kaist_external|fertilizer_statistics|korean_fertilizer_nh3_paper","partially_available","NH3 depends on fertilizer type, crop, and application method.","Do not use fertilizer product mass without nitrogen conversion."
"agr_crop_residue_burning","0.2.0","Crop-residue burning","conceptual_pending_model_file","P2","false","agriculture_land","cropland","residue_burning","open_burning","crop_specific","dry_matter_burned","tonne dry matter burned","mixed_direct","true","true","false","false","crop residue production and burned share","NOx|SOx|PM2.5|PM10|TSP|VOCs|NH3|CO|BC","tonne dry matter burned","gcam_kaist_external|crop_statistics|capss_handbook_vii","partially_available","Burned dry matter is the physical denominator.","Open burning should not overlap with broader biomass burning."
"agr_machinery","0.2.0","Agricultural machinery","conceptual_pending_model_file","P1","true","agriculture_land","machinery","agriculture","agricultural_machinery","diesel_and_gasoline","machinery_fuel","litre fuel","mobile_combustion","false","true","false","false","equipment stock, hours, power, and fuel","NOx|SOx|PM2.5|PM10|TSP|VOCs|NH3|CO|BC","litre fuel","gcam_kaist_external|agricultural_machinery_stats|kesis_balance","available","CAPSS separates equipment type, model year, power, and load.","Fuel-specific annual effective factors are required."
"agr_forestry_machinery","0.2.0","Forestry machinery","conceptual_pending_model_file","P2","false","agriculture_land","machinery","forestry","forestry_machinery","diesel_and_gasoline","machinery_fuel","litre fuel","mobile_combustion","false","true","false","false","forestry equipment hours and fuel","NOx|SOx|PM2.5|PM10|TSP|VOCs|CO|BC","litre fuel","forestry_statistics|kesis_balance","proxy_required","Forestry machinery is not isolated in the current CAPSS taxonomy.","Use construction/agricultural equipment only as documented proxy."
"agr_fisheries_combustion","0.2.0","Fisheries direct fuel combustion","conceptual_pending_model_file","P1","true","agriculture_land","fisheries","fuel_combustion","fishing_operations","marine_diesel","marine_fuel_consumption","tonne marine fuel","mobile_combustion","false","true","false","false","fisheries effort and fuel","NOx|SOx|PM2.5|PM10|TSP|VOCs|NH3|CO|BC","tonne marine fuel","gcam_kaist_external|fisheries_statistics|kesis_balance|mof_ship_ef","partially_available","Covers represented fisheries energy outside double-counted vessel activity.","Coordinate with fishing-vessel transport boundary."
"wst_municipal_incineration","0.2.0","Municipal waste incineration","conceptual_pending_model_file","P1","true","waste","incineration","municipal","municipal_incinerator","municipal_waste","waste_incinerated","tonne waste treated","combustion_and_process","true","true","false","false","municipal waste throughput by facility","NOx|SOx|PM2.5|PM10|TSP|VOCs|NH3|CO|BC","tonne waste treated","gcam_kaist_external|waste_statistics|capss_handbook_vii","available","CAPSS has municipal-incineration factors and control distinctions.","Keep waste type and controls."
"wst_industrial_incineration","0.2.0","Industrial waste incineration","conceptual_pending_model_file","P1","true","waste","incineration","industrial","industrial_incinerator","industrial_waste","waste_incinerated","tonne waste treated","combustion_and_process","true","true","false","false","industrial waste throughput by type","NOx|SOx|PM2.5|PM10|TSP|VOCs|NH3|CO|BC","tonne waste treated","gcam_kaist_external|waste_statistics|capss_handbook_vii","available","Industrial waste factors differ from municipal waste.","Do not include refinery or chemical flares."
"wst_medical_incineration","0.2.0","Medical waste incineration","conceptual_pending_model_file","P2","false","waste","incineration","medical","medical_waste_incinerator","medical_waste","waste_incinerated","tonne waste treated","combustion_and_process","true","true","false","false","medical waste throughput","NOx|SOx|PM2.5|PM10|TSP|VOCs|NH3|CO|BC","tonne waste treated","waste_statistics|capss_handbook_vii","proxy_required","CAPSS public statistics aggregate medical with business waste.","Preserve as separate technology pending facility detail."
"wst_landfills","0.2.0","Landfills","conceptual_pending_model_file","P1","true","waste","landfill","municipal_and_industrial","landfill","waste","waste_landfilled","tonne waste landfilled","process","true","false","false","false","waste deposited and landfill-gas recovery","VOCs","tonne waste landfilled","gcam_kaist_external|waste_statistics|capss_handbook_vii","partially_available","Landfill VOC depends on waste history and gas recovery.","A stock-decay model may supersede the throughput proxy."
"wst_wastewater","0.2.0","Wastewater treatment","conceptual_pending_model_file","P1","true","waste","wastewater","all","wastewater_treatment","wastewater","wastewater_treated","cubic metre wastewater","process","true","false","false","false","wastewater flow and treatment type","VOCs|NH3","cubic metre wastewater","gcam_kaist_external|wastewater_statistics|capss_handbook_vii","partially_available","Industrial and residential/commercial treatment are distinct CAPSS sources.","Treatment technology and influent load may be needed."
"wst_open_burning","0.2.0","Open waste burning","conceptual_pending_model_file","P2","false","waste","open_burning","municipal","open_waste_burning","waste","waste_burned","tonne dry matter burned","mixed_direct","true","true","false","false","waste generation and open-burned fraction","NOx|SOx|PM2.5|PM10|TSP|VOCs|NH3|CO|BC","tonne dry matter burned","capss_annual|waste_statistics|capss_handbook_vii","not_yet_researched","Open burning is represented only where CAPSS/activity supports it.","Do not infer zero from missing activity."
"ene_refining_combustion","0.2.0","Oil refining combustion","conceptual_pending_model_file","P1","true","nonpower_energy_conversion","oil_refining","combustion","refinery_combustion","fuel_specific","refinery_fuel_consumption","TJ fuel","combustion","false","true","false","false","refinery throughput and fuel use","NOx|SOx|PM2.5|PM10|TSP|VOCs|NH3|CO|BC","TJ fuel consumed","gcam_kaist_external|kesis_survey|kesis_balance","available","CAPSS has refinery boiler, process-heater, and engine combustion.","Keep equipment and fuel distinctions."
"ene_refining_process","0.2.0","Oil refining process emissions","conceptual_pending_model_file","P1","true","nonpower_energy_conversion","oil_refining","process","refinery_process","crude_oil","refinery_throughput","tonne crude oil","process","true","false","false","false","refinery crude throughput","NOx|SOx|PM2.5|PM10|TSP|VOCs|CO","tonne crude oil","gcam_kaist_external|petroleum_statistics|kosis_industry","partially_available","Process emissions and sulfur recovery are separate from combustion.","Product storage/loading is separate."
"ene_flaring","0.2.0","Refinery flaring","conceptual_pending_model_file","P2","false","nonpower_energy_conversion","oil_refining","flaring","refinery_flare","flare_gas","flare_gas_energy","TJ flare gas","combustion","true","true","false","false","refinery throughput or measured flare gas","NOx|SOx|PM2.5|PM10|TSP|VOCs|NH3|CO|BC","TJ flare gas","capss_annual|petroleum_statistics","not_yet_researched","Flare gas activity is not currently available.","Do not allocate all refinery process emissions to flaring."
"ene_fuel_storage_loading","0.2.0","Fuel storage and loading","conceptual_pending_model_file","P1","true","nonpower_energy_conversion","fuel_distribution","storage_and_loading","fuel_storage_loading","petroleum_products","fuel_throughput","tonne fuel handled","fugitive","true","false","false","false","fuel throughput by product and stage","VOCs","tonne fuel handled","gcam_kaist_external|petroleum_statistics|capss_handbook_vii","partially_available","Tank, terminal, loading, and station controls alter VOC losses.","Avoid overlap with supplemental distribution losses."
"ene_hydrogen_smr","0.2.0","Natural-gas hydrogen production","conceptual_pending_model_file","P1","true","nonpower_energy_conversion","hydrogen","production","steam_methane_reforming","natural_gas","hydrogen_production","kg hydrogen","combustion_and_process","true","true","false","false","hydrogen production by route","NOx|SOx|PM2.5|PM10|TSP|VOCs|CO","kg hydrogen","gcam_kaist_external|kesis_balance|hydrogen_statistics","proxy_required","SMR direct combustion and process streams need technology factors.","Upstream electricity remains in power."
"ene_hydrogen_coal","0.2.0","Coal-based hydrogen production","conceptual_pending_model_file","P3","false","nonpower_energy_conversion","hydrogen","production","coal_gasification","coal","hydrogen_production","kg hydrogen","combustion_and_process","true","true","false","false","hydrogen production by route","NOx|SOx|PM2.5|PM10|TSP|VOCs|CO|BC","kg hydrogen","gcam_kaist_external|hydrogen_statistics","not_yet_researched","No direct Korean CAPSS one-to-one category is confirmed.","Gasification and auxiliary combustion need separate factors."
"ene_hydrogen_byproduct","0.2.0","By-product hydrogen","conceptual_pending_model_file","P3","false","nonpower_energy_conversion","hydrogen","production","byproduct_hydrogen","process_specific","hydrogen_production","kg hydrogen","process","true","false","false","false","hydrogen production by source industry","NOx|SOx|PM2.5|PM10|TSP|VOCs|CO","kg hydrogen","gcam_kaist_external|hydrogen_statistics","not_yet_researched","Allocation depends on refinery, coke-oven, or chemical origin.","Avoid double counting parent-industry process emissions."
"ene_hydrogen_electrolysis","0.2.0","Electrolytic hydrogen","conceptual_pending_model_file","P2","false","nonpower_energy_conversion","hydrogen","production","electrolysis","electricity","hydrogen_production","kg hydrogen","none_on_site","false","false","true","false","hydrogen production by route","","not applicable","gcam_kaist_external|hydrogen_statistics","not_applicable","Electrolysis has zero direct combustion emissions unless auxiliary fuel is explicit.","Electricity emissions remain in power."
"ene_hydrogen_biomass","0.2.0","Biomass-based hydrogen production","conceptual_pending_model_file","P3","false","nonpower_energy_conversion","hydrogen","production","biomass_gasification","biomass","hydrogen_production","kg hydrogen","combustion_and_process","true","true","false","false","hydrogen production by route","NOx|SOx|PM2.5|PM10|TSP|VOCs|CO|BC","kg hydrogen","gcam_kaist_external|hydrogen_statistics","not_yet_researched","No Korean factor/crosswalk is confirmed.","Keep biomass gasification distinct from open burning."
"aqs_solvent_use","0.2.0","Solvent and product use","not_applicable","P1","true","air_quality_supplemental","solvent_product_use","all","solvent_use","product_specific","solvent_consumption","tonne solvent consumed","supplemental_direct","true","false","false","true","industrial output, population, and solvent-product demand","VOCs","tonne solvent consumed","capss_annual|kosis_industry|capss_handbook_vii","partially_available","Important VOC source lacks a single energy-consuming GCAM cluster.","Allocate by product use; do not attach to unrelated fuel demand."
"aqs_construction_dust","0.2.0","Fugitive construction dust","not_applicable","P1","true","air_quality_supplemental","fugitive_dust","construction","construction_dust","not_applicable","construction_area","square metre constructed","supplemental_direct","true","false","false","true","construction floor area and project type","PM2.5|PM10|TSP","square metre constructed","construction_statistics|capss_handbook_vii","available","CAPSS distinguishes residential and non-residential construction.","Avoid overlap with construction machinery exhaust."
"aqs_paved_road_dust","0.2.0","Paved-road resuspended dust","not_applicable","P1","true","air_quality_supplemental","fugitive_dust","paved_road","paved_road_dust","not_applicable","vehicle_distance","vehicle-km","supplemental_direct","true","false","false","true","road vehicle-km, silt loading, and precipitation","PM2.5|PM10|TSP","vehicle-km","molit_traffic|capss_handbook_vii","available","Non-exhaust road dust is not a tailpipe factor.","Allocate by road/vehicle class without duplicating travel."
"aqs_unpaved_road_dust","0.2.0","Unpaved-road dust","not_applicable","P3","false","air_quality_supplemental","fugitive_dust","unpaved_road","unpaved_road_dust","not_applicable","vehicle_distance","vehicle-km","supplemental_direct","true","false","false","true","unpaved road vehicle-km and surface properties","PM2.5|PM10|TSP","vehicle-km","molit_traffic|capss_handbook_vii","partially_available","CAPSS has an explicit unpaved-road source.","Scenario driver is unresolved beyond traffic activity."
"aqs_fuel_distribution_losses","0.2.0","Fuel distribution losses","not_applicable","P2","false","air_quality_supplemental","fuel_distribution","losses","distribution_losses","petroleum_products","fuel_throughput","tonne fuel handled","supplemental_direct","true","false","false","true","fuel sales and distribution controls","VOCs","tonne fuel handled","petroleum_statistics|capss_handbook_vii","partially_available","Captures losses not represented in energy-conversion activities.","Reconcile with storage/loading row to prevent double counting."
"aqs_open_biomass_burning","0.2.0","Open biomass burning","not_applicable","P3","false","air_quality_supplemental","biomass_burning","open_burning","open_biomass_burning","biomass","dry_matter_burned","tonne dry matter burned","supplemental_direct","true","true","false","true","burned area, crop residue, and dry-matter load","NOx|SOx|PM2.5|PM10|TSP|VOCs|NH3|CO|BC","tonne dry matter burned","capss_annual|crop_statistics|capss_handbook_vii","proxy_required","Supplemental source for biomass burning outside modeled crop residues.","Reconcile with crop-residue burning and wildfire inventories."
"aqs_commercial_cooking_aerosol","0.2.0","Commercial meat-grilling aerosol","not_applicable","P2","false","air_quality_supplemental","biomass_burning","commercial_cooking","commercial_grilling","food_and_cooking_method","food_grilled","tonne food grilled","supplemental_direct","true","true","false","true","commercial meat consumption by species and cooking method","NOx|SOx|PM2.5|PM10|TSP|VOCs|NH3|CO","tonne food grilled","capss_annual|livestock_product_statistics|capss_handbook_vii","available","CAPSS supplies Korean species- and cooking-method factors in g/kg food.","Keep food aerosol separate from the fuel-energy combustion in bld_commercial_cooking."
"aqs_charcoal_kiln","0.2.0","Charcoal-kiln emissions","not_applicable","P3","false","air_quality_supplemental","biomass_burning","charcoal_production","charcoal_kiln","wood","dry_wood_charged","tonne dry wood","supplemental_direct","true","true","false","true","charcoal feedstock and kiln wood use","NOx|SOx|PM2.5|PM10|TSP|VOCs|NH3|CO","tonne dry wood","capss_annual|forestry_statistics|capss_handbook_vii","available","CAPSS supplies a Korean charcoal-kiln factor table in g/kg wood.","Convert reported cubic-metre activity with the documented 800 kg/m3 wood density."
"aqs_road_tire_brake_wear","0.2.0","Road tire and brake wear","not_applicable","P2","false","air_quality_supplemental","fugitive_dust","road_nonexhaust","tire_brake_wear","vehicle_class_specific","vehicle_distance","vehicle-km","supplemental_direct","true","false","false","true","vehicle-km by class, size, and driving pattern","PM2.5|PM10|TSP","vehicle-km","molit_traffic|capss_road_nonexhaust_2025","restricted_source","CAPSS finalized a Korean tire/brake non-exhaust method in 2025, but the row-level factors are not yet published.","Keep wear emissions separate from paved-road resuspension and tailpipe exhaust."
