source_id,source_title,publication_year,source_locator,url,evidence_tier,access_date
capss_vii_2025,National Air Pollutant Emissions Estimation Method Handbook VII,2025,"Tables 1-3, 2-3, 2-5, 3-3, 3-5, 4-4, 4-14, 4-31, 6-17, 6-23, 8-3, 8-12, 8-20, 9-3, 9-7, 9-8, 9-11, 10-6, 11-5, 12-12, 12-16, 13-6, 13-13, Appendix I","https://www.air.go.kr/article/view.do?articleId=491&boardId=8&currentPageNo=1",1,2026-09-08
capss_2026_methods_update,CAPSS 2026 emission-estimation-method improvement announcement,2026,"Approved 2026-05-27; announced 2026-06-16","https://www.air.go.kr/article/view.do?articleId=659&boardId=21&menuId=214",1,2026-09-08
motie_2019_power,MOTIE clarification: LNG reduces air pollutants relative to coal generation,2019,"2017 national fuel-fleet table, kg/MWh","https://www.motie.go.kr/kor/article/ATCL3f49a5a8c/162050/view",1,2026-09-08
lee_2025_coal,"Lee et al., Impacts of the Korean Coal-to-LNG Power Plant Transition on Regional PM2.5 Concentration",2025,"Table 1; 2022 CleanSYS emissions and EPSIS generation",https://doi.org/10.5572/KOSAE.2025.41.6.976,2,2026-09-08
yu_2021_coal,"Yu et al., Comparison of PMtotal, PM10, PM2.5, NOx, and SO2 Emission Factors from Coal-fired Power Plants per Load Change",2021,"Table 5; controlled pulverized-coal units",https://doi.org/10.5572/ajae.2021.104,2,2026-09-08
seo_2019_oil,"Seo et al., Environmental Improvement Effect and Social Benefit: Focusing on Bio-Heavy Oil Power Generation",2019,"Tables 2-3; 2015-2017 CleanSYS/generation factors",https://doi.org/10.7849/ksnre.2019.9.15.3.085,2,2026-09-08
korean_wood_2015,Emission Characteristics of Air Pollutants from Domestic Wood Combustion,2015,"Measured Korean wood and pellet stove/boiler factors",https://doi.org/10.15531/KSCCR.2015.6.1.41,2,2026-09-08
korean_crop_burning_2022,Development of Air Pollutant Emission Factors for Crop Residues Burning,2022,"Korean field measurements; CAPSS VII Table 13-6",https://doi.org/10.3390/atmos13040559,2,2026-09-08
capss_nonexhaust_2025,CAPSS road non-exhaust method update announcement,2025,"Method announcement; row-level factors not public","https://www.air.go.kr/article/view.do?articleId=578&boardId=21&currentPageNo=1&menuId=214",1,2026-09-08
