"crosswalk_id","inventory_id","gcam_cluster","gcam_sector","gcam_subsector","gcam_technology","gcam_fuel","capss_major_category","capss_intermediate_category","capss_minor_category","capss_detail_category","capss_fuel_or_process","match_status","allocation_rule","double_counting_risk","boundary_note","source_id","notes"
"cw_ind_steel_bf_bof_blast_charge","ind_steel_bf_bof","industry","steel","integrated_steel","blast_furnace_basic_oxygen_furnace","coal_and_process","생산공정","제철제강업","고로 장입","","고로 장입","documented_proxy","allocate_by_process_throughput","medium","One integrated GCAM activity maps to several CAPSS process components.","capss_handbook_vii","Retain blast charging separately."
"cw_ind_steel_bf_bof_tapping","ind_steel_bf_bof","industry","steel","integrated_steel","blast_furnace_basic_oxygen_furnace","coal_and_process","생산공정","제철제강업","출선공정","","출선량","documented_proxy","allocate_by_process_throughput","medium","One integrated GCAM activity maps to several CAPSS process components.","capss_handbook_vii","Retain tapping separately."
"cw_ind_steel_bf_bof_bof","ind_steel_bf_bof","industry","steel","integrated_steel","blast_furnace_basic_oxygen_furnace","coal_and_process","생산공정","제철제강업","산소전로","","전로강 생산량","documented_proxy","allocate_by_route_output","medium","One integrated GCAM activity maps to several CAPSS process components.","capss_handbook_vii","Do not count EAF steel."
"cw_ind_steel_eaf_eaf","ind_steel_eaf","industry","steel","secondary_steel","electric_arc_furnace","electricity_and_scrap","생산공정","제철제강업","전기로","","전기로 조강량","exact","one_to_one","low","EAF crude-steel activity and process boundary align.","capss_handbook_vii","Electricity is excluded from the direct EF."
"cw_ind_steel_sinter_sinter_process","ind_steel_sinter","industry","steel","integrated_steel","sinter_plant","solid_fuels","생산공정","제철제강업","소결로(연소공정 제외)","","소결광 생산량","exact","one_to_one","low","This row is explicitly process-only.","capss_handbook_vii","Combustion belongs in steel combustion."
"cw_ind_steel_coke_ovens_coke_process","ind_steel_coke_ovens","industry","steel","integrated_steel","coke_oven","coking_coal","생산공정","제철제강업","코우크스 오븐(누출 및 소화)","","코크스 생산량","exact","one_to_one","low","Leak and quench process boundary aligns.","capss_handbook_vii","Fuel combustion is separate."
"cw_ind_steel_rolling_reheat","ind_steel_rolling","industry","steel","finishing","rolling_and_finishing","fuel_specific","제조업 연소","공정로","강철 재가열로","","fuel specific","documented_proxy","allocate_by_fuel_and_finished_output","medium","CAPSS reheating combustion is only one component of rolling/finishing.","capss_handbook_vii","Coating solvents may require another source row."
"cw_ind_steel_combustion_boiler","ind_steel_combustion","industry","steel","all_routes","industrial_combustion","fuel_specific","제조업 연소","연소시설","1,2,3종(보일러)","","fuel specific","aggregate_proxy","allocate_by_steel_fuel_use","high","Generic manufacturing boilers span industries unless facility/industry detail is retained.","capss_handbook_vii","Use steel-sector fuel activity only."
"cw_ind_steel_combustion_sinter_furnace","ind_steel_combustion","industry","steel","all_routes","industrial_combustion","fuel_specific","제조업 연소","공정로","소결로(제철산업)","","fuel specific","documented_proxy","allocate_by_sinter_fuel_use","medium","Potential overlap with process-only sinter row.","capss_handbook_vii","Combustion component only."
"cw_ind_cement_clinker_calcination","ind_cement_clinker","industry","cement","clinker","clinker_kiln_process","process_material","생산공정","기타 제조업","시멘트(탄소제거공정)","","clinker production","exact","one_to_one","low","Clinker calcination/process boundary aligns.","capss_handbook_vii","Fuel combustion is excluded."
"cw_ind_cement_grinding_unresolved","ind_cement_grinding","industry","cement","grinding","cement_grinding","electricity","","","","","research gap","unresolved","research_required","medium","CAPSS public taxonomy has no confirmed grinding-only process row.","capss_handbook_vii","CAPSS public taxonomy has no confirmed grinding-only process row."
"cw_ind_cement_kiln_combustion_kiln","ind_cement_kiln_combustion","industry","cement","clinker","kiln_combustion","fuel_specific","제조업 연소","공정로","시멘트 생산","","fuel specific","exact","one_to_one","low","Kiln fuel-combustion boundary aligns.","capss_handbook_vii","Calcination is excluded."
"cw_ind_cement_fugitive_unresolved","ind_cement_fugitive","industry","cement","clinker_and_grinding","material_handling","process_material","","","","","research gap","unresolved","research_required","medium","Cement material-handling dust is not isolated in the current public CAPSS hierarchy.","capss_handbook_vii","Cement material-handling dust is not isolated in the current public CAPSS hierarchy."
"cw_ind_chem_organic_organic","ind_chem_organic","industry","chemicals","organic","organic_chemical_process","feedstock_specific","생산공정","유기화학제품 제조업","에틸렌","","product-specific process","aggregate_proxy","allocate_by_product_output","high","Inventory row covers many products while the CAPSS category is product-specific.","capss_handbook_vii","Expand to every observed product before EF extraction."
"cw_ind_chem_inorganic_inorganic","ind_chem_inorganic","industry","chemicals","inorganic","inorganic_chemical_process","feedstock_specific","생산공정","무기화학제품 제조업","기타","","product-specific process","aggregate_proxy","allocate_by_product_output","high","CAPSS inorganic products require separate mappings.","capss_handbook_vii","Do not treat 기타 as a raw factor."
"cw_ind_chem_combustion_manufacturing","ind_chem_combustion","industry","chemicals","steam_and_heat","industrial_combustion","fuel_specific","제조업 연소","기타","화합물 및 화학제품 제조업","","fuel specific","aggregate_proxy","allocate_by_fuel_use","medium","CAPSS industry row pools chemical facilities and equipment.","capss_handbook_vii","Use sector fuel survey and equipment shares."
"cw_ind_chem_storage_loading_storage","ind_chem_storage_loading","industry","chemicals","storage_and_loading","tank_and_loading_losses","volatile_products","생산공정","석유제품산업","석유제품 저장 및 취급","","volatile product throughput","documented_proxy","allocate_by_product_volatility","high","Only petroleum-product storage is explicit; broader chemicals remain unresolved.","capss_handbook_vii","Do not generalize without product evidence."
"cw_ind_chem_flaring_unresolved","ind_chem_flaring","industry","chemicals","flaring","flare","flare_gas","","","","","research gap","unresolved","research_required","medium","No confirmed CAPSS chemical-flaring category and direct flare-gas activity are available.","capss_handbook_vii","No confirmed CAPSS chemical-flaring category and direct flare-gas activity are available."
"cw_ind_plastics_resin_hdpe","ind_plastics_resin","industry","plastics","resin","resin_production","feedstock_specific","생산공정","유기화학제품 제조업","고밀도 폴리에틸렌(HDPE)","","HDPE output","aggregate_proxy","allocate_by_resin_output","high","One representative native resin category cannot stand for the full product mix.","capss_handbook_vii","Expand across LDPE PVC PP PS ABS and other native rows."
"cw_ind_plastics_products_products","ind_plastics_products","industry","plastics","products","plastic_product_manufacturing","fuel_and_solvent_specific","제조업 연소","기타","고무 및 플라스틱 제품 제조업","","fuel specific","documented_proxy","allocate_by_fuel_and_output","medium","CAPSS category is combustion-oriented and omits some solvent/process sources.","capss_handbook_vii","Separate emissions mechanisms in future."
"cw_ind_nonferrous_primary_primary","ind_nonferrous_primary","industry","nonferrous_metals","primary","primary_metal_production","metal_specific","제조업 연소","공정로","1차 구리 생산","","metal-specific output and fuel","aggregate_proxy","allocate_by_metal_output","high","Primary metal row represents multiple metals.","capss_handbook_vii","Expand copper lead zinc aluminium and other metals separately."
"cw_ind_nonferrous_secondary_secondary","ind_nonferrous_secondary","industry","nonferrous_metals","secondary","secondary_metal_production","metal_specific","제조업 연소","공정로","2차 알루미늄 생산","","metal-specific output and fuel","aggregate_proxy","allocate_by_metal_output","high","Secondary metal row represents multiple metals.","capss_handbook_vii","Expand each secondary-metal technology."
"cw_ind_pulp_pulp_process","ind_pulp","industry","pulp_paper","pulp","pulp_production","feedstock_specific","생산공정","목재,펄프 제조업","제지,펄프공정","","pulp output","aggregate_proxy","allocate_by_pulp_output","medium","CAPSS combines pulp and paper processes.","capss_handbook_vii","Requires facility/product allocation."
"cw_ind_paper_paper_process","ind_paper","industry","pulp_paper","paper","paper_production","product_specific","생산공정","목재,펄프 제조업","제지,펄프공정","","paper output","aggregate_proxy","allocate_by_paper_output","medium","CAPSS combines pulp and paper processes.","capss_handbook_vii","Requires facility/product allocation."
"cw_ind_paper_drying","ind_paper","industry","pulp_paper","paper","paper_production","product_specific","제조업 연소","공정로","제지 산업(건조공정)","","fuel specific","documented_proxy","allocate_by_paper_output_and_fuel","medium","Drying combustion is one paper-production component.","capss_handbook_vii","Avoid overlap with generic pulp/paper combustion."
"cw_ind_pulp_recovery_boiler_unresolved","ind_pulp_recovery_boiler","industry","pulp_paper","pulp","recovery_boiler","black_liquor","","","","","research gap","unresolved","research_required","medium","Recovery boilers are not explicit in the public CAPSS minor categories.","capss_handbook_vii","Recovery boilers are not explicit in the public CAPSS minor categories."
"cw_ind_pulp_lime_kiln_unresolved","ind_pulp_lime_kiln","industry","pulp_paper","pulp","lime_kiln","fuel_specific","","","","","research gap","unresolved","research_required","medium","Pulp lime kilns are not isolated from generic lime production in CAPSS.","capss_handbook_vii","Pulp lime kilns are not isolated from generic lime production in CAPSS."
"cw_ind_other_mfg_combustion_other","ind_other_mfg_combustion","industry","other_manufacturing","combustion","industrial_combustion","fuel_specific","제조업 연소","기타","기타 기계 및 장비 제조업","","fuel specific","aggregate_proxy","allocate_by_industry_fuel_use","high","Residual row spans many CAPSS manufacturing industries.","capss_handbook_vii","Named sectors must be subtracted before allocation."
"cw_ind_other_mfg_process_unresolved","ind_other_mfg_process","industry","other_manufacturing","process","manufacturing_process","product_specific","","","","","research gap","unresolved","research_required","medium","Residual manufacturing process categories need product-specific expansion.","capss_handbook_vii","Residual manufacturing process categories need product-specific expansion."
"cw_trn_road_passenger_gasoline_ldv_경형","trn_road_passenger_gasoline_ldv","transportation","road_passenger","light_duty_vehicle","gasoline_ldv","gasoline","도로이동오염원","승용차","경형","","휘발유","documented_proxy","allocate_by_class_fuel_model_year_vehicle_km","medium","GCAM LDV activity must be split across native CAPSS size classes.","capss_handbook_vii","Exact factor application occurs only after fleet weighting."
"cw_trn_road_passenger_gasoline_ldv_소형","trn_road_passenger_gasoline_ldv","transportation","road_passenger","light_duty_vehicle","gasoline_ldv","gasoline","도로이동오염원","승용차","소형","","휘발유","documented_proxy","allocate_by_class_fuel_model_year_vehicle_km","medium","GCAM LDV activity must be split across native CAPSS size classes.","capss_handbook_vii","Exact factor application occurs only after fleet weighting."
"cw_trn_road_passenger_gasoline_ldv_중형","trn_road_passenger_gasoline_ldv","transportation","road_passenger","light_duty_vehicle","gasoline_ldv","gasoline","도로이동오염원","승용차","중형","","휘발유","documented_proxy","allocate_by_class_fuel_model_year_vehicle_km","medium","GCAM LDV activity must be split across native CAPSS size classes.","capss_handbook_vii","Exact factor application occurs only after fleet weighting."
"cw_trn_road_passenger_gasoline_ldv_대형","trn_road_passenger_gasoline_ldv","transportation","road_passenger","light_duty_vehicle","gasoline_ldv","gasoline","도로이동오염원","승용차","대형","","휘발유","documented_proxy","allocate_by_class_fuel_model_year_vehicle_km","medium","GCAM LDV activity must be split across native CAPSS size classes.","capss_handbook_vii","Exact factor application occurs only after fleet weighting."
"cw_trn_road_passenger_diesel_ldv_경형","trn_road_passenger_diesel_ldv","transportation","road_passenger","light_duty_vehicle","diesel_ldv","diesel","도로이동오염원","승용차","경형","","경유","documented_proxy","allocate_by_class_fuel_model_year_vehicle_km","medium","GCAM LDV activity must be split across native CAPSS size classes.","capss_handbook_vii","Exact factor application occurs only after fleet weighting."
"cw_trn_road_passenger_diesel_ldv_소형","trn_road_passenger_diesel_ldv","transportation","road_passenger","light_duty_vehicle","diesel_ldv","diesel","도로이동오염원","승용차","소형","","경유","documented_proxy","allocate_by_class_fuel_model_year_vehicle_km","medium","GCAM LDV activity must be split across native CAPSS size classes.","capss_handbook_vii","Exact factor application occurs only after fleet weighting."
"cw_trn_road_passenger_diesel_ldv_중형","trn_road_passenger_diesel_ldv","transportation","road_passenger","light_duty_vehicle","diesel_ldv","diesel","도로이동오염원","승용차","중형","","경유","documented_proxy","allocate_by_class_fuel_model_year_vehicle_km","medium","GCAM LDV activity must be split across native CAPSS size classes.","capss_handbook_vii","Exact factor application occurs only after fleet weighting."
"cw_trn_road_passenger_diesel_ldv_대형","trn_road_passenger_diesel_ldv","transportation","road_passenger","light_duty_vehicle","diesel_ldv","diesel","도로이동오염원","승용차","대형","","경유","documented_proxy","allocate_by_class_fuel_model_year_vehicle_km","medium","GCAM LDV activity must be split across native CAPSS size classes.","capss_handbook_vii","Exact factor application occurs only after fleet weighting."
"cw_trn_road_passenger_lpg_ldv_경형","trn_road_passenger_lpg_ldv","transportation","road_passenger","light_duty_vehicle","lpg_ldv","LPG","도로이동오염원","승용차","경형","","LPG","documented_proxy","allocate_by_class_fuel_model_year_vehicle_km","medium","GCAM LDV activity must be split across native CAPSS size classes.","capss_handbook_vii","Exact factor application occurs only after fleet weighting."
"cw_trn_road_passenger_lpg_ldv_소형","trn_road_passenger_lpg_ldv","transportation","road_passenger","light_duty_vehicle","lpg_ldv","LPG","도로이동오염원","승용차","소형","","LPG","documented_proxy","allocate_by_class_fuel_model_year_vehicle_km","medium","GCAM LDV activity must be split across native CAPSS size classes.","capss_handbook_vii","Exact factor application occurs only after fleet weighting."
"cw_trn_road_passenger_lpg_ldv_중형","trn_road_passenger_lpg_ldv","transportation","road_passenger","light_duty_vehicle","lpg_ldv","LPG","도로이동오염원","승용차","중형","","LPG","documented_proxy","allocate_by_class_fuel_model_year_vehicle_km","medium","GCAM LDV activity must be split across native CAPSS size classes.","capss_handbook_vii","Exact factor application occurs only after fleet weighting."
"cw_trn_road_passenger_lpg_ldv_대형","trn_road_passenger_lpg_ldv","transportation","road_passenger","light_duty_vehicle","lpg_ldv","LPG","도로이동오염원","승용차","대형","","LPG","documented_proxy","allocate_by_class_fuel_model_year_vehicle_km","medium","GCAM LDV activity must be split across native CAPSS size classes.","capss_handbook_vii","Exact factor application occurs only after fleet weighting."
"cw_trn_road_passenger_hybrid_ldv_경형","trn_road_passenger_hybrid_ldv","transportation","road_passenger","light_duty_vehicle","gasoline_hybrid_ldv","gasoline_and_electricity","도로이동오염원","승용차","경형","","휘발유+전기","documented_proxy","allocate_by_class_fuel_model_year_vehicle_km","medium","GCAM LDV activity must be split across native CAPSS size classes.","capss_handbook_vii","Exact factor application occurs only after fleet weighting."
"cw_trn_road_passenger_hybrid_ldv_소형","trn_road_passenger_hybrid_ldv","transportation","road_passenger","light_duty_vehicle","gasoline_hybrid_ldv","gasoline_and_electricity","도로이동오염원","승용차","소형","","휘발유+전기","documented_proxy","allocate_by_class_fuel_model_year_vehicle_km","medium","GCAM LDV activity must be split across native CAPSS size classes.","capss_handbook_vii","Exact factor application occurs only after fleet weighting."
"cw_trn_road_passenger_hybrid_ldv_중형","trn_road_passenger_hybrid_ldv","transportation","road_passenger","light_duty_vehicle","gasoline_hybrid_ldv","gasoline_and_electricity","도로이동오염원","승용차","중형","","휘발유+전기","documented_proxy","allocate_by_class_fuel_model_year_vehicle_km","medium","GCAM LDV activity must be split across native CAPSS size classes.","capss_handbook_vii","Exact factor application occurs only after fleet weighting."
"cw_trn_road_passenger_hybrid_ldv_대형","trn_road_passenger_hybrid_ldv","transportation","road_passenger","light_duty_vehicle","gasoline_hybrid_ldv","gasoline_and_electricity","도로이동오염원","승용차","대형","","휘발유+전기","documented_proxy","allocate_by_class_fuel_model_year_vehicle_km","medium","GCAM LDV activity must be split across native CAPSS size classes.","capss_handbook_vii","Exact factor application occurs only after fleet weighting."
"cw_trn_road_bus_시내버스","trn_road_bus","transportation","road_passenger","bus","bus","diesel_CNG_and_electric","도로이동오염원","버스","시내버스","","fuel specific","documented_proxy","allocate_by_bus_class_fuel_vehicle_km","medium","Bus fuel and service class shares are required.","capss_handbook_vii","Electric bus distance is excluded from direct emissions."
"cw_trn_road_bus_시외버스","trn_road_bus","transportation","road_passenger","bus","bus","diesel_CNG_and_electric","도로이동오염원","버스","시외버스","","fuel specific","documented_proxy","allocate_by_bus_class_fuel_vehicle_km","medium","Bus fuel and service class shares are required.","capss_handbook_vii","Electric bus distance is excluded from direct emissions."
"cw_trn_road_bus_전세버스","trn_road_bus","transportation","road_passenger","bus","bus","diesel_CNG_and_electric","도로이동오염원","버스","전세버스","","fuel specific","documented_proxy","allocate_by_bus_class_fuel_vehicle_km","medium","Bus fuel and service class shares are required.","capss_handbook_vii","Electric bus distance is excluded from direct emissions."
"cw_trn_road_bus_고속버스","trn_road_bus","transportation","road_passenger","bus","bus","diesel_CNG_and_electric","도로이동오염원","버스","고속버스","","fuel specific","documented_proxy","allocate_by_bus_class_fuel_vehicle_km","medium","Bus fuel and service class shares are required.","capss_handbook_vii","Electric bus distance is excluded from direct emissions."
"cw_trn_road_motorcycle_50cc_미만","trn_road_motorcycle","transportation","road_passenger","motorcycle","motorcycle","gasoline","도로이동오염원","이륜차","50cc 미만","","휘발유","documented_proxy","allocate_by_displacement_model_year_vehicle_km","medium","Motorcycle activity is aggregate across displacement groups.","capss_handbook_vii","Use native displacement and model-year weights."
"cw_trn_road_motorcycle_50cc_이상","trn_road_motorcycle","transportation","road_passenger","motorcycle","motorcycle","gasoline","도로이동오염원","이륜차","50cc 이상","","휘발유","documented_proxy","allocate_by_displacement_model_year_vehicle_km","medium","Motorcycle activity is aggregate across displacement groups.","capss_handbook_vii","Use native displacement and model-year weights."
"cw_trn_road_motorcycle_100cc_이상","trn_road_motorcycle","transportation","road_passenger","motorcycle","motorcycle","gasoline","도로이동오염원","이륜차","100cc 이상","","휘발유","documented_proxy","allocate_by_displacement_model_year_vehicle_km","medium","Motorcycle activity is aggregate across displacement groups.","capss_handbook_vii","Use native displacement and model-year weights."
"cw_trn_road_motorcycle_260cc_이상","trn_road_motorcycle","transportation","road_passenger","motorcycle","motorcycle","gasoline","도로이동오염원","이륜차","260cc 이상","","휘발유","documented_proxy","allocate_by_displacement_model_year_vehicle_km","medium","Motorcycle activity is aggregate across displacement groups.","capss_handbook_vii","Use native displacement and model-year weights."
"cw_trn_road_freight_lcv_경형","trn_road_freight_lcv","transportation","road_freight","light_commercial_vehicle","light_commercial_vehicle","fuel_specific","도로이동오염원","화물차","경형","","fuel specific","documented_proxy","allocate_by_vehicle_class_payload_vehicle_km","medium","LCV boundary must be reconciled with CAPSS class.","capss_handbook_vii","Do not include passenger RVs."
"cw_trn_road_freight_lcv_소형","trn_road_freight_lcv","transportation","road_freight","light_commercial_vehicle","light_commercial_vehicle","fuel_specific","도로이동오염원","화물차","소형","","fuel specific","documented_proxy","allocate_by_vehicle_class_payload_vehicle_km","medium","LCV boundary must be reconciled with CAPSS class.","capss_handbook_vii","Do not include passenger RVs."
"cw_trn_road_freight_mdv_medium","trn_road_freight_mdv","transportation","road_freight","medium_duty_truck","medium_duty_truck","diesel","도로이동오염원","화물차","중형","","경유","documented_proxy","allocate_by_vehicle_class_payload_vehicle_km","medium","GCAM payload boundary requires confirmation.","capss_handbook_vii","Keep medium trucks separate."
"cw_trn_road_freight_hdv_대형","trn_road_freight_hdv","transportation","road_freight","heavy_duty_truck","heavy_duty_truck","diesel","도로이동오염원","화물차","대형","","경유","documented_proxy","allocate_by_vehicle_class_payload_vehicle_km","medium","HDV activity spans native heavy and vocational classes.","capss_handbook_vii","Construction vocational use may overlap nonroad/construction activity."
"cw_trn_road_freight_hdv_덤프트럭","trn_road_freight_hdv","transportation","road_freight","heavy_duty_truck","heavy_duty_truck","diesel","도로이동오염원","화물차","덤프트럭","","경유","documented_proxy","allocate_by_vehicle_class_payload_vehicle_km","medium","HDV activity spans native heavy and vocational classes.","capss_handbook_vii","Construction vocational use may overlap nonroad/construction activity."
"cw_trn_road_freight_hdv_콘크리트믹서트럭","trn_road_freight_hdv","transportation","road_freight","heavy_duty_truck","heavy_duty_truck","diesel","도로이동오염원","화물차","콘크리트믹서트럭","","경유","documented_proxy","allocate_by_vehicle_class_payload_vehicle_km","medium","HDV activity spans native heavy and vocational classes.","capss_handbook_vii","Construction vocational use may overlap nonroad/construction activity."
"cw_trn_rail_diesel_passenger_locomotive","trn_rail_diesel_passenger","transportation","rail","passenger","diesel_passenger_rail","diesel","비도로이동오염원","철도","기관차","","diesel traction fuel","aggregate_proxy","allocate_by_passenger_traction_fuel","high","CAPSS rail equipment does not identify passenger versus freight service.","capss_handbook_vii","Use operator fuel/service allocation."
"cw_trn_rail_diesel_freight_locomotive","trn_rail_diesel_freight","transportation","rail","freight","diesel_freight_rail","diesel","비도로이동오염원","철도","기관차","","diesel traction fuel","aggregate_proxy","allocate_by_freight_traction_fuel","high","CAPSS rail equipment does not identify passenger versus freight service.","capss_handbook_vii","Use operator fuel/service allocation."
"cw_trn_rail_electric_passenger_not_applicable","trn_rail_electric_passenger","transportation","rail","passenger","electric_passenger_rail","electricity","","","","","none","not_applicable","none","low","Electric traction has no direct combustion CAPSS mapping.","capss_handbook_vii","Electric traction has no direct combustion CAPSS mapping."
"cw_trn_rail_electric_freight_not_applicable","trn_rail_electric_freight","transportation","rail","freight","electric_freight_rail","electricity","","","","","none","not_applicable","none","low","Electric traction has no direct combustion CAPSS mapping.","capss_handbook_vii","Electric traction has no direct combustion CAPSS mapping."
"cw_trn_aviation_passenger_lto_domestic","trn_aviation_passenger_lto","transportation","aviation","passenger_lto","passenger_aircraft_lto","jet_fuel","비도로이동오염원","항공","국내항공","","passenger LTO cycles","aggregate_proxy","allocate_by_aircraft_engine_passenger_lto","medium","CAPSS domestic aviation is not split into passenger and freight in public totals.","capss_handbook_vii","Apply aircraft-engine LTO factors before annual averaging."
"cw_trn_aviation_passenger_cruise_unresolved","trn_aviation_passenger_cruise","transportation","aviation","passenger_cruise","passenger_aircraft_cruise","jet_fuel","","","","","research gap","unresolved","research_required","medium","A separate domestic cruise boundary is not confirmed in the CAPSS public taxonomy.","capss_handbook_vii","A separate domestic cruise boundary is not confirmed in the CAPSS public taxonomy."
"cw_trn_aviation_freight_lto_domestic","trn_aviation_freight_lto","transportation","aviation","freight_lto","freight_aircraft_lto","jet_fuel","비도로이동오염원","항공","국내항공","","freight LTO cycles","aggregate_proxy","allocate_by_aircraft_engine_freight_lto","high","Belly freight and dedicated freighters share domestic aviation totals.","capss_handbook_vii","Passenger allocation must be removed."
"cw_trn_aviation_freight_cruise_unresolved","trn_aviation_freight_cruise","transportation","aviation","freight_cruise","freight_aircraft_cruise","jet_fuel","","","","","research gap","unresolved","research_required","medium","A separate domestic freight cruise boundary is not confirmed in CAPSS.","capss_handbook_vii","A separate domestic freight cruise boundary is not confirmed in CAPSS."
"cw_trn_shipping_passenger_passenger","trn_shipping_passenger","transportation","shipping","passenger","passenger_vessel","marine_fuel_specific","비도로이동오염원","선박","여객","","engine fuel mode","exact","one_to_one","medium","Vessel class aligns; engine fuel and mode remain factor dimensions.","capss_handbook_vii","Cruise maneuvering and hoteling are weighted below this source category."
"cw_trn_shipping_freight_freight","trn_shipping_freight","transportation","shipping","freight","freight_vessel","marine_fuel_specific","비도로이동오염원","선박","화물","","engine fuel mode","exact","one_to_one","medium","Vessel class aligns; engine fuel and mode remain factor dimensions.","capss_handbook_vii","Commercial freight only; leisure factors prohibited."
"cw_trn_shipping_fishing_fishing","trn_shipping_fishing","transportation","shipping","fishing","fishing_vessel","marine_diesel","비도로이동오염원","선박","어선","","engine fuel mode","exact","one_to_one","high","Vessel class aligns but may overlap fisheries energy accounting.","capss_handbook_vii","Choose one owning module before emissions aggregation."
"cw_trn_nonroad_construction_공기압축기","trn_nonroad_construction","transportation","nonroad_machinery","construction","construction_machinery","diesel","비도로이동오염원","건설장비","공기압축기","","diesel equipment","documented_proxy","allocate_by_equipment_power_year_hours","medium","Aggregate construction activity must be split across native equipment.","capss_handbook_vii","Tier and model year remain EF dimensions."
"cw_trn_nonroad_construction_굴삭기","trn_nonroad_construction","transportation","nonroad_machinery","construction","construction_machinery","diesel","비도로이동오염원","건설장비","굴삭기","","diesel equipment","documented_proxy","allocate_by_equipment_power_year_hours","medium","Aggregate construction activity must be split across native equipment.","capss_handbook_vii","Tier and model year remain EF dimensions."
"cw_trn_nonroad_construction_기중기","trn_nonroad_construction","transportation","nonroad_machinery","construction","construction_machinery","diesel","비도로이동오염원","건설장비","기중기","","diesel equipment","documented_proxy","allocate_by_equipment_power_year_hours","medium","Aggregate construction activity must be split across native equipment.","capss_handbook_vii","Tier and model year remain EF dimensions."
"cw_trn_nonroad_construction_로우더","trn_nonroad_construction","transportation","nonroad_machinery","construction","construction_machinery","diesel","비도로이동오염원","건설장비","로우더","","diesel equipment","documented_proxy","allocate_by_equipment_power_year_hours","medium","Aggregate construction activity must be split across native equipment.","capss_handbook_vii","Tier and model year remain EF dimensions."
"cw_trn_nonroad_construction_로울러","trn_nonroad_construction","transportation","nonroad_machinery","construction","construction_machinery","diesel","비도로이동오염원","건설장비","로울러","","diesel equipment","documented_proxy","allocate_by_equipment_power_year_hours","medium","Aggregate construction activity must be split across native equipment.","capss_handbook_vii","Tier and model year remain EF dimensions."
"cw_trn_nonroad_construction_불도저","trn_nonroad_construction","transportation","nonroad_machinery","construction","construction_machinery","diesel","비도로이동오염원","건설장비","불도저","","diesel equipment","documented_proxy","allocate_by_equipment_power_year_hours","medium","Aggregate construction activity must be split across native equipment.","capss_handbook_vii","Tier and model year remain EF dimensions."
"cw_trn_nonroad_construction_지게차","trn_nonroad_construction","transportation","nonroad_machinery","construction","construction_machinery","diesel","비도로이동오염원","건설장비","지게차","","diesel equipment","documented_proxy","allocate_by_equipment_power_year_hours","medium","Aggregate construction activity must be split across native equipment.","capss_handbook_vii","Tier and model year remain EF dimensions."
"cw_trn_nonroad_construction_천공기","trn_nonroad_construction","transportation","nonroad_machinery","construction","construction_machinery","diesel","비도로이동오염원","건설장비","천공기","","diesel equipment","documented_proxy","allocate_by_equipment_power_year_hours","medium","Aggregate construction activity must be split across native equipment.","capss_handbook_vii","Tier and model year remain EF dimensions."
"cw_trn_nonroad_construction_콘크리트펌프","trn_nonroad_construction","transportation","nonroad_machinery","construction","construction_machinery","diesel","비도로이동오염원","건설장비","콘크리트펌프","","diesel equipment","documented_proxy","allocate_by_equipment_power_year_hours","medium","Aggregate construction activity must be split across native equipment.","capss_handbook_vii","Tier and model year remain EF dimensions."
"cw_trn_nonroad_port_cargo_unresolved","trn_nonroad_port_cargo","transportation","nonroad_machinery","port","port_cargo_handling_equipment","diesel_and_electricity","","","","","research gap","unresolved","research_required","medium","CAPSS public taxonomy does not isolate port cargo-handling equipment.","capss_handbook_vii","CAPSS public taxonomy does not isolate port cargo-handling equipment."
"cw_bld_residential_space_heat_boiler","bld_residential_space_heat","buildings","residential","space_heating","direct_combustion","fuel_specific","비산업 연소","주거용시설","1,2,3종(보일러)","","fuel specific","documented_proxy","allocate_by_end_use_fuel","medium","CAPSS residential combustion is not split by end use.","capss_handbook_vii","Separate space heat from water heat and cooking."
"cw_bld_residential_water_heat_boiler","bld_residential_water_heat","buildings","residential","water_heating","direct_combustion","fuel_specific","비산업 연소","주거용시설","1,2,3종(보일러)","","fuel specific","aggregate_proxy","allocate_by_end_use_fuel","high","Same CAPSS boiler source is shared with residential space heating.","capss_handbook_vii","Require end-use fuel shares to prevent duplication."
"cw_bld_residential_cooking_other","bld_residential_cooking","buildings","residential","cooking","cooking_combustion","natural_gas_and_LPG","비산업 연소","주거용시설","기타","","natural gas and LPG","aggregate_proxy","allocate_by_cooking_fuel","high","CAPSS 기타 is not a cooking-specific technology.","capss_handbook_vii","Do not mix food-cooking aerosol with fuel combustion."
"cw_bld_commercial_space_heat_commercial_public","bld_commercial_space_heat","buildings","commercial","space_heating","direct_combustion","fuel_specific","비산업 연소","상업 및 공공기관시설","1,2,3종(보일러)","","fuel specific","aggregate_proxy","allocate_by_commercial_public_end_use_fuel","high","CAPSS combines commercial and public facilities and does not identify end use.","capss_handbook_vii","Use building-class and service shares; prevent reuse of the same CAPSS total."
"cw_bld_commercial_water_heat_commercial_public","bld_commercial_water_heat","buildings","commercial","water_heating","direct_combustion","fuel_specific","비산업 연소","상업 및 공공기관시설","1,2,3종(보일러)","","fuel specific","aggregate_proxy","allocate_by_commercial_public_end_use_fuel","high","CAPSS combines commercial and public facilities and does not identify end use.","capss_handbook_vii","Use building-class and service shares; prevent reuse of the same CAPSS total."
"cw_bld_commercial_cooking_commercial_public","bld_commercial_cooking","buildings","commercial","cooking","cooking_combustion","natural_gas_and_LPG","비산업 연소","상업 및 공공기관시설","기타","","natural gas and LPG","aggregate_proxy","allocate_by_commercial_public_end_use_fuel","high","CAPSS combines commercial and public facilities and does not identify end use.","capss_handbook_vii","Use building-class and service shares; prevent reuse of the same CAPSS total."
"cw_bld_public_space_heat_commercial_public","bld_public_space_heat","buildings","public","space_heating","direct_combustion","fuel_specific","비산업 연소","상업 및 공공기관시설","1,2,3종(보일러)","","fuel specific","aggregate_proxy","allocate_by_commercial_public_end_use_fuel","high","CAPSS combines commercial and public facilities and does not identify end use.","capss_handbook_vii","Use building-class and service shares; prevent reuse of the same CAPSS total."
"cw_bld_public_water_heat_commercial_public","bld_public_water_heat","buildings","public","water_heating","direct_combustion","fuel_specific","비산업 연소","상업 및 공공기관시설","1,2,3종(보일러)","","fuel specific","aggregate_proxy","allocate_by_commercial_public_end_use_fuel","high","CAPSS combines commercial and public facilities and does not identify end use.","capss_handbook_vii","Use building-class and service shares; prevent reuse of the same CAPSS total."
"cw_agr_livestock_cattle_manure","agr_livestock_cattle","agriculture_land","livestock","cattle","cattle","not_applicable","농업","분뇨관리","일반 소","","animal population","exact","one_to_one","low","Species manure-management boundary aligns.","capss_handbook_vii","Housing storage and application remain internal factor stages."
"cw_agr_livestock_cattle_dust","agr_livestock_cattle","agriculture_land","livestock","cattle","cattle","not_applicable","비산먼지","축산활동","한육우","","animal population","exact","one_to_one","medium","Species dust boundary aligns; separate pollutant process from manure NH3.","capss_handbook_vii","Do not duplicate particulate across housing components."
"cw_agr_livestock_dairy_manure","agr_livestock_dairy","agriculture_land","livestock","dairy_cattle","dairy_cattle","not_applicable","농업","분뇨관리","젖소","","animal population","exact","one_to_one","low","Species manure-management boundary aligns.","capss_handbook_vii","Housing storage and application remain internal factor stages."
"cw_agr_livestock_dairy_dust","agr_livestock_dairy","agriculture_land","livestock","dairy_cattle","dairy_cattle","not_applicable","비산먼지","축산활동","젖소","","animal population","exact","one_to_one","medium","Species dust boundary aligns; separate pollutant process from manure NH3.","capss_handbook_vii","Do not duplicate particulate across housing components."
"cw_agr_livestock_swine_manure","agr_livestock_swine","agriculture_land","livestock","swine","swine","not_applicable","농업","분뇨관리","돼지","","animal population","exact","one_to_one","low","Species manure-management boundary aligns.","capss_handbook_vii","Housing storage and application remain internal factor stages."
"cw_agr_livestock_swine_dust","agr_livestock_swine","agriculture_land","livestock","swine","swine","not_applicable","비산먼지","축산활동","돼지","","animal population","exact","one_to_one","medium","Species dust boundary aligns; separate pollutant process from manure NH3.","capss_handbook_vii","Do not duplicate particulate across housing components."
"cw_agr_livestock_poultry_manure","agr_livestock_poultry","agriculture_land","livestock","poultry","poultry","not_applicable","농업","분뇨관리","닭","","animal population","exact","one_to_one","low","Species manure-management boundary aligns.","capss_handbook_vii","Housing storage and application remain internal factor stages."
"cw_agr_livestock_poultry_dust","agr_livestock_poultry","agriculture_land","livestock","poultry","poultry","not_applicable","비산먼지","축산활동","닭","","animal population","exact","one_to_one","medium","Species dust boundary aligns; separate pollutant process from manure NH3.","capss_handbook_vii","Do not duplicate particulate across housing components."
"cw_agr_livestock_other_manure","agr_livestock_other","agriculture_land","livestock","other","other_livestock","not_applicable","농업","분뇨관리","기타","","animal population","aggregate_proxy","allocate_by_species_population","high","Other livestock pools incompatible species factors.","capss_handbook_vii","Expand by native species before EF use."
"cw_agr_fertilizer_cropland","agr_fertilizer","agriculture_land","cropland","fertilizer","fertilizer_application","fertilizer_specific","농업","비료사용농경지","농경지","","nitrogen applied by fertilizer crop method","exact","one_to_one","low","Nitrogen-applied boundary aligns.","capss_handbook_vii","Annual factor must still be fertilizer/crop/method weighted."
"cw_agr_crop_residue_burning_과수","agr_crop_residue_burning","agriculture_land","cropland","residue_burning","open_burning","crop_specific","생물성 연소","농업잔재물 소각","과수","","dry matter burned","documented_proxy","allocate_by_crop_dry_matter_burned","medium","Aggregate residue activity spans native crops.","capss_handbook_vii","Avoid supplemental open-biomass overlap."
"cw_agr_crop_residue_burning_두류","agr_crop_residue_burning","agriculture_land","cropland","residue_burning","open_burning","crop_specific","생물성 연소","농업잔재물 소각","두류","","dry matter burned","documented_proxy","allocate_by_crop_dry_matter_burned","medium","Aggregate residue activity spans native crops.","capss_handbook_vii","Avoid supplemental open-biomass overlap."
"cw_agr_crop_residue_burning_맥류","agr_crop_residue_burning","agriculture_land","cropland","residue_burning","open_burning","crop_specific","생물성 연소","농업잔재물 소각","맥류","","dry matter burned","documented_proxy","allocate_by_crop_dry_matter_burned","medium","Aggregate residue activity spans native crops.","capss_handbook_vii","Avoid supplemental open-biomass overlap."
"cw_agr_crop_residue_burning_잡곡","agr_crop_residue_burning","agriculture_land","cropland","residue_burning","open_burning","crop_specific","생물성 연소","농업잔재물 소각","잡곡","","dry matter burned","documented_proxy","allocate_by_crop_dry_matter_burned","medium","Aggregate residue activity spans native crops.","capss_handbook_vii","Avoid supplemental open-biomass overlap."
"cw_agr_crop_residue_burning_채소","agr_crop_residue_burning","agriculture_land","cropland","residue_burning","open_burning","crop_specific","생물성 연소","농업잔재물 소각","채소","","dry matter burned","documented_proxy","allocate_by_crop_dry_matter_burned","medium","Aggregate residue activity spans native crops.","capss_handbook_vii","Avoid supplemental open-biomass overlap."
"cw_agr_crop_residue_burning_특용작물","agr_crop_residue_burning","agriculture_land","cropland","residue_burning","open_burning","crop_specific","생물성 연소","농업잔재물 소각","특용작물","","dry matter burned","documented_proxy","allocate_by_crop_dry_matter_burned","medium","Aggregate residue activity spans native crops.","capss_handbook_vii","Avoid supplemental open-biomass overlap."
"cw_agr_machinery_경운기","agr_machinery","agriculture_land","machinery","agriculture","agricultural_machinery","diesel_and_gasoline","비도로이동오염원","농업기계","경운기","","fuel power year","documented_proxy","allocate_by_equipment_power_year_hours","medium","Aggregate machinery fuel must be split across native equipment.","capss_handbook_vii","Retain fuel and model year."
"cw_agr_machinery_분무기류","agr_machinery","agriculture_land","machinery","agriculture","agricultural_machinery","diesel_and_gasoline","비도로이동오염원","농업기계","분무기류","","fuel power year","documented_proxy","allocate_by_equipment_power_year_hours","medium","Aggregate machinery fuel must be split across native equipment.","capss_handbook_vii","Retain fuel and model year."
"cw_agr_machinery_양수기","agr_machinery","agriculture_land","machinery","agriculture","agricultural_machinery","diesel_and_gasoline","비도로이동오염원","농업기계","양수기","","fuel power year","documented_proxy","allocate_by_equipment_power_year_hours","medium","Aggregate machinery fuel must be split across native equipment.","capss_handbook_vii","Retain fuel and model year."
"cw_agr_machinery_이앙기","agr_machinery","agriculture_land","machinery","agriculture","agricultural_machinery","diesel_and_gasoline","비도로이동오염원","농업기계","이앙기","","fuel power year","documented_proxy","allocate_by_equipment_power_year_hours","medium","Aggregate machinery fuel must be split across native equipment.","capss_handbook_vii","Retain fuel and model year."
"cw_agr_machinery_콤바인","agr_machinery","agriculture_land","machinery","agriculture","agricultural_machinery","diesel_and_gasoline","비도로이동오염원","농업기계","콤바인","","fuel power year","documented_proxy","allocate_by_equipment_power_year_hours","medium","Aggregate machinery fuel must be split across native equipment.","capss_handbook_vii","Retain fuel and model year."
"cw_agr_machinery_탈곡기","agr_machinery","agriculture_land","machinery","agriculture","agricultural_machinery","diesel_and_gasoline","비도로이동오염원","농업기계","탈곡기","","fuel power year","documented_proxy","allocate_by_equipment_power_year_hours","medium","Aggregate machinery fuel must be split across native equipment.","capss_handbook_vii","Retain fuel and model year."
"cw_agr_machinery_트랙터","agr_machinery","agriculture_land","machinery","agriculture","agricultural_machinery","diesel_and_gasoline","비도로이동오염원","농업기계","트랙터","","fuel power year","documented_proxy","allocate_by_equipment_power_year_hours","medium","Aggregate machinery fuel must be split across native equipment.","capss_handbook_vii","Retain fuel and model year."
"cw_agr_machinery_파종기","agr_machinery","agriculture_land","machinery","agriculture","agricultural_machinery","diesel_and_gasoline","비도로이동오염원","농업기계","파종기","","fuel power year","documented_proxy","allocate_by_equipment_power_year_hours","medium","Aggregate machinery fuel must be split across native equipment.","capss_handbook_vii","Retain fuel and model year."
"cw_agr_forestry_machinery_unresolved","agr_forestry_machinery","agriculture_land","machinery","forestry","forestry_machinery","diesel_and_gasoline","","","","","research gap","unresolved","research_required","medium","Forestry machinery is not explicit in the CAPSS public nonroad hierarchy.","capss_handbook_vii","Forestry machinery is not explicit in the CAPSS public nonroad hierarchy."
"cw_agr_fisheries_combustion_fishing","agr_fisheries_combustion","agriculture_land","fisheries","fuel_combustion","fishing_operations","marine_diesel","비도로이동오염원","선박","어선","","marine diesel","documented_proxy","assign_to_single_owning_module","high","Same physical source can appear under transport fishing vessels.","capss_handbook_vii","Do not aggregate both inventory rows; ownership is scenario-dependent."
"cw_wst_municipal_incineration_municipal","wst_municipal_incineration","waste","incineration","municipal","municipal_incinerator","municipal_waste","폐기물처리","폐기물소각","생활폐기물","","tonne municipal waste","exact","one_to_one","low","Waste type and treatment boundary align.","capss_handbook_vii","Controls remain EF dimensions."
"cw_wst_industrial_incineration_industrial","wst_industrial_incineration","waste","incineration","industrial","industrial_incinerator","industrial_waste","폐기물처리","폐기물소각","사업장폐기물(플레어링 제외)","","tonne industrial waste","exact","one_to_one","low","Industrial incineration excludes flaring explicitly.","capss_handbook_vii","Medical allocation is separate."
"cw_wst_medical_incineration_business","wst_medical_incineration","waste","incineration","medical","medical_waste_incinerator","medical_waste","폐기물처리","폐기물소각","사업장폐기물(플레어링 제외)","","tonne medical waste","aggregate_proxy","allocate_by_medical_waste_throughput","high","Medical waste is embedded in business-waste incineration.","capss_handbook_vii","Subtract from industrial total before separate use."
"cw_wst_landfills_landfill","wst_landfills","waste","landfill","municipal_and_industrial","landfill","waste","폐기물처리","기타 폐기물 처리","매립","","waste deposited and gas recovery","exact","one_to_one","low","Treatment boundary aligns.","capss_handbook_vii","Historical waste stock may be required."
"cw_wst_wastewater_industrial","wst_wastewater","waste","wastewater","all","wastewater_treatment","wastewater","폐기물처리","기타 폐기물 처리","산업폐수 처리","","cubic metre industrial wastewater","documented_proxy","allocate_by_wastewater_type_flow","medium","Inventory row combines wastewater types.","capss_handbook_vii","Weight treatment types and prevent overlap."
"cw_wst_wastewater_residential_commercial","wst_wastewater","waste","wastewater","all","wastewater_treatment","wastewater","폐기물처리","기타 폐기물 처리","주거와 상업폐수 처리","","cubic metre municipal wastewater","documented_proxy","allocate_by_wastewater_type_flow","medium","Inventory row combines wastewater types.","capss_handbook_vii","Weight treatment types and prevent overlap."
"cw_wst_open_burning_open","wst_open_burning","waste","open_burning","municipal","open_waste_burning","waste","생물성 연소","노천 소각","생활폐기물 소각","","dry waste burned","exact","one_to_one","low","Open-burning boundary aligns.","capss_handbook_vii","Do not mix with controlled municipal incineration."
"cw_ene_refining_combustion_1_2_3종_보일러","ene_refining_combustion","nonpower_energy_conversion","oil_refining","combustion","refinery_combustion","fuel_specific","에너지산업 연소","석유정제시설","1,2,3종(보일러)","","fuel specific","documented_proxy","allocate_by_equipment_fuel","medium","Aggregate refinery fuel must be split by equipment.","capss_handbook_vii","Process emissions are excluded."
"cw_ene_refining_combustion_공정로","ene_refining_combustion","nonpower_energy_conversion","oil_refining","combustion","refinery_combustion","fuel_specific","에너지산업 연소","석유정제시설","공정로","","fuel specific","documented_proxy","allocate_by_equipment_fuel","medium","Aggregate refinery fuel must be split by equipment.","capss_handbook_vii","Process emissions are excluded."
"cw_ene_refining_combustion_내연기관","ene_refining_combustion","nonpower_energy_conversion","oil_refining","combustion","refinery_combustion","fuel_specific","에너지산업 연소","석유정제시설","내연기관","","fuel specific","documented_proxy","allocate_by_equipment_fuel","medium","Aggregate refinery fuel must be split by equipment.","capss_handbook_vii","Process emissions are excluded."
"cw_ene_refining_process_processing","ene_refining_process","nonpower_energy_conversion","oil_refining","process","refinery_process","crude_oil","생산공정","석유제품산업","석유제품가공","","crude throughput","documented_proxy","allocate_by_refinery_process","medium","Refinery process row includes multiple process units.","capss_handbook_vii","Combustion and storage are excluded."
"cw_ene_refining_process_sulfur_recovery","ene_refining_process","nonpower_energy_conversion","oil_refining","process","refinery_process","crude_oil","생산공정","석유제품산업","석유제품가공-유황회수시설","","sulfur recovery throughput","documented_proxy","allocate_by_sulfur_recovery_throughput","medium","Sulfur recovery is a separate process component.","capss_handbook_vii","Prevent overlap with general refining process."
"cw_ene_flaring_unresolved","ene_flaring","nonpower_energy_conversion","oil_refining","flaring","refinery_flare","flare_gas","","","","","research gap","unresolved","research_required","medium","CAPSS industrial-incineration category explicitly excludes flaring and no exact refinery-flare row is confirmed.","capss_handbook_vii","CAPSS industrial-incineration category explicitly excludes flaring and no exact refinery-flare row is confirmed."
"cw_ene_fuel_storage_loading_storage","ene_fuel_storage_loading","nonpower_energy_conversion","fuel_distribution","storage_and_loading","fuel_storage_loading","petroleum_products","생산공정","석유제품산업","석유제품 저장 및 취급","","product throughput","documented_proxy","allocate_by_product_tank_control","medium","Refinery product handling overlaps distribution stages if boundaries are not explicit.","capss_handbook_vii","Use facility stage ownership."
"cw_ene_fuel_storage_loading_수송_및_저유소_주유소_제외","ene_fuel_storage_loading","nonpower_energy_conversion","fuel_distribution","storage_and_loading","fuel_storage_loading","petroleum_products","에너지수송 및 저장","휘발유 공급","수송 및 저유소(주유소 제외)","","gasoline throughput","documented_proxy","allocate_by_distribution_stage_control","high","One activity maps to multiple distribution stages.","capss_handbook_vii","Reconcile supplemental distribution losses."
"cw_ene_fuel_storage_loading_정유사_출하기지","ene_fuel_storage_loading","nonpower_energy_conversion","fuel_distribution","storage_and_loading","fuel_storage_loading","petroleum_products","에너지수송 및 저장","휘발유 공급","정유사 출하기지","","gasoline throughput","documented_proxy","allocate_by_distribution_stage_control","high","One activity maps to multiple distribution stages.","capss_handbook_vii","Reconcile supplemental distribution losses."
"cw_ene_fuel_storage_loading_주유소_주유시_포함","ene_fuel_storage_loading","nonpower_energy_conversion","fuel_distribution","storage_and_loading","fuel_storage_loading","petroleum_products","에너지수송 및 저장","휘발유 공급","주유소(주유시 포함)","","gasoline throughput","documented_proxy","allocate_by_distribution_stage_control","high","One activity maps to multiple distribution stages.","capss_handbook_vii","Reconcile supplemental distribution losses."
"cw_ene_hydrogen_smr_unresolved","ene_hydrogen_smr","nonpower_energy_conversion","hydrogen","production","steam_methane_reforming","natural_gas","","","","","research gap","unresolved","research_required","medium","No confirmed CAPSS hydrogen-production source maps one-to-one to SMR.","capss_handbook_vii","No confirmed CAPSS hydrogen-production source maps one-to-one to SMR."
"cw_ene_hydrogen_coal_unresolved","ene_hydrogen_coal","nonpower_energy_conversion","hydrogen","production","coal_gasification","coal","","","","","research gap","unresolved","research_required","medium","No confirmed CAPSS hydrogen-production source maps one-to-one to coal gasification.","capss_handbook_vii","No confirmed CAPSS hydrogen-production source maps one-to-one to coal gasification."
"cw_ene_hydrogen_byproduct_unresolved","ene_hydrogen_byproduct","nonpower_energy_conversion","hydrogen","production","byproduct_hydrogen","process_specific","","","","","research gap","unresolved","research_required","medium","Parent refinery coke or chemical emissions may already include by-product hydrogen.","capss_handbook_vii","Parent refinery coke or chemical emissions may already include by-product hydrogen."
"cw_ene_hydrogen_electrolysis_not_applicable","ene_hydrogen_electrolysis","nonpower_energy_conversion","hydrogen","production","electrolysis","electricity","","","","","none","not_applicable","none","low","Electrolysis has no direct combustion or process factor in this boundary.","capss_handbook_vii","Electrolysis has no direct combustion or process factor in this boundary."
"cw_ene_hydrogen_biomass_unresolved","ene_hydrogen_biomass","nonpower_energy_conversion","hydrogen","production","biomass_gasification","biomass","","","","","research gap","unresolved","research_required","medium","No confirmed CAPSS hydrogen-production source maps one-to-one to biomass gasification.","capss_handbook_vii","No confirmed CAPSS hydrogen-production source maps one-to-one to biomass gasification."
"cw_aqs_solvent_use_도장시설_기타_산업용_도장공정","aqs_solvent_use","air_quality_supplemental","solvent_product_use","all","solvent_use","product_specific","유기용제 사용","도장시설","기타 산업용 도장공정","","solvent or product activity","aggregate_proxy","allocate_by_product_use_and_control","high","Supplemental solvent row spans multiple CAPSS processes.","capss_handbook_vii","Expand all native rows before scenario calculation."
"cw_aqs_solvent_use_세정시설_기타_산업용_세정공정","aqs_solvent_use","air_quality_supplemental","solvent_product_use","all","solvent_use","product_specific","유기용제 사용","세정시설","기타 산업용 세정공정","","solvent or product activity","aggregate_proxy","allocate_by_product_use_and_control","high","Supplemental solvent row spans multiple CAPSS processes.","capss_handbook_vii","Expand all native rows before scenario calculation."
"cw_aqs_solvent_use_기타_유기용제사용_가정_및_상업용_유기용제사용","aqs_solvent_use","air_quality_supplemental","solvent_product_use","all","solvent_use","product_specific","유기용제 사용","기타 유기용제사용","가정 및 상업용 유기용제사용","","solvent or product activity","aggregate_proxy","allocate_by_product_use_and_control","high","Supplemental solvent row spans multiple CAPSS processes.","capss_handbook_vii","Expand all native rows before scenario calculation."
"cw_aqs_solvent_use_세탁시설_세탁_드라이크리닝","aqs_solvent_use","air_quality_supplemental","solvent_product_use","all","solvent_use","product_specific","유기용제 사용","세탁시설","세탁(드라이크리닝)","","solvent or product activity","aggregate_proxy","allocate_by_product_use_and_control","high","Supplemental solvent row spans multiple CAPSS processes.","capss_handbook_vii","Expand all native rows before scenario calculation."
"cw_aqs_construction_dust_주거시설","aqs_construction_dust","air_quality_supplemental","fugitive_dust","construction","construction_dust","not_applicable","비산먼지","건설공사","주거시설","","construction area","documented_proxy","allocate_by_construction_type_area_duration","medium","Construction area needs type and duration weights.","capss_handbook_vii","Machinery exhaust is excluded."
"cw_aqs_construction_dust_비주거시설","aqs_construction_dust","air_quality_supplemental","fugitive_dust","construction","construction_dust","not_applicable","비산먼지","건설공사","비주거시설","","construction area","documented_proxy","allocate_by_construction_type_area_duration","medium","Construction area needs type and duration weights.","capss_handbook_vii","Machinery exhaust is excluded."
"cw_aqs_paved_road_dust_승용차","aqs_paved_road_dust","air_quality_supplemental","fugitive_dust","paved_road","paved_road_dust","not_applicable","비산먼지","도로재비산먼지","승용차","","vehicle-km road silt precipitation","documented_proxy","allocate_by_vehicle_road_class_vehicle_km","medium","Aggregate road activity spans native vehicle classes.","capss_handbook_vii","Tailpipe emissions are excluded."
"cw_aqs_paved_road_dust_택시","aqs_paved_road_dust","air_quality_supplemental","fugitive_dust","paved_road","paved_road_dust","not_applicable","비산먼지","도로재비산먼지","택시","","vehicle-km road silt precipitation","documented_proxy","allocate_by_vehicle_road_class_vehicle_km","medium","Aggregate road activity spans native vehicle classes.","capss_handbook_vii","Tailpipe emissions are excluded."
"cw_aqs_paved_road_dust_승합차","aqs_paved_road_dust","air_quality_supplemental","fugitive_dust","paved_road","paved_road_dust","not_applicable","비산먼지","도로재비산먼지","승합차","","vehicle-km road silt precipitation","documented_proxy","allocate_by_vehicle_road_class_vehicle_km","medium","Aggregate road activity spans native vehicle classes.","capss_handbook_vii","Tailpipe emissions are excluded."
"cw_aqs_paved_road_dust_버스","aqs_paved_road_dust","air_quality_supplemental","fugitive_dust","paved_road","paved_road_dust","not_applicable","비산먼지","도로재비산먼지","버스","","vehicle-km road silt precipitation","documented_proxy","allocate_by_vehicle_road_class_vehicle_km","medium","Aggregate road activity spans native vehicle classes.","capss_handbook_vii","Tailpipe emissions are excluded."
"cw_aqs_paved_road_dust_화물차","aqs_paved_road_dust","air_quality_supplemental","fugitive_dust","paved_road","paved_road_dust","not_applicable","비산먼지","도로재비산먼지","화물차","","vehicle-km road silt precipitation","documented_proxy","allocate_by_vehicle_road_class_vehicle_km","medium","Aggregate road activity spans native vehicle classes.","capss_handbook_vii","Tailpipe emissions are excluded."
"cw_aqs_paved_road_dust_특수차","aqs_paved_road_dust","air_quality_supplemental","fugitive_dust","paved_road","paved_road_dust","not_applicable","비산먼지","도로재비산먼지","특수차","","vehicle-km road silt precipitation","documented_proxy","allocate_by_vehicle_road_class_vehicle_km","medium","Aggregate road activity spans native vehicle classes.","capss_handbook_vii","Tailpipe emissions are excluded."
"cw_aqs_paved_road_dust_rv","aqs_paved_road_dust","air_quality_supplemental","fugitive_dust","paved_road","paved_road_dust","not_applicable","비산먼지","도로재비산먼지","RV","","vehicle-km road silt precipitation","documented_proxy","allocate_by_vehicle_road_class_vehicle_km","medium","Aggregate road activity spans native vehicle classes.","capss_handbook_vii","Tailpipe emissions are excluded."
"cw_aqs_unpaved_road_dust_승용차","aqs_unpaved_road_dust","air_quality_supplemental","fugitive_dust","unpaved_road","unpaved_road_dust","not_applicable","비산먼지","비포장도로 비산먼지","승용차","","vehicle-km surface moisture","documented_proxy","allocate_by_vehicle_surface_vehicle_km","medium","Aggregate activity spans native classes and surface states.","capss_handbook_vii","Paved-road dust is excluded."
"cw_aqs_unpaved_road_dust_택시","aqs_unpaved_road_dust","air_quality_supplemental","fugitive_dust","unpaved_road","unpaved_road_dust","not_applicable","비산먼지","비포장도로 비산먼지","택시","","vehicle-km surface moisture","documented_proxy","allocate_by_vehicle_surface_vehicle_km","medium","Aggregate activity spans native classes and surface states.","capss_handbook_vii","Paved-road dust is excluded."
"cw_aqs_unpaved_road_dust_승합차","aqs_unpaved_road_dust","air_quality_supplemental","fugitive_dust","unpaved_road","unpaved_road_dust","not_applicable","비산먼지","비포장도로 비산먼지","승합차","","vehicle-km surface moisture","documented_proxy","allocate_by_vehicle_surface_vehicle_km","medium","Aggregate activity spans native classes and surface states.","capss_handbook_vii","Paved-road dust is excluded."
"cw_aqs_unpaved_road_dust_버스","aqs_unpaved_road_dust","air_quality_supplemental","fugitive_dust","unpaved_road","unpaved_road_dust","not_applicable","비산먼지","비포장도로 비산먼지","버스","","vehicle-km surface moisture","documented_proxy","allocate_by_vehicle_surface_vehicle_km","medium","Aggregate activity spans native classes and surface states.","capss_handbook_vii","Paved-road dust is excluded."
"cw_aqs_unpaved_road_dust_화물차","aqs_unpaved_road_dust","air_quality_supplemental","fugitive_dust","unpaved_road","unpaved_road_dust","not_applicable","비산먼지","비포장도로 비산먼지","화물차","","vehicle-km surface moisture","documented_proxy","allocate_by_vehicle_surface_vehicle_km","medium","Aggregate activity spans native classes and surface states.","capss_handbook_vii","Paved-road dust is excluded."
"cw_aqs_unpaved_road_dust_특수차","aqs_unpaved_road_dust","air_quality_supplemental","fugitive_dust","unpaved_road","unpaved_road_dust","not_applicable","비산먼지","비포장도로 비산먼지","특수차","","vehicle-km surface moisture","documented_proxy","allocate_by_vehicle_surface_vehicle_km","medium","Aggregate activity spans native classes and surface states.","capss_handbook_vii","Paved-road dust is excluded."
"cw_aqs_unpaved_road_dust_rv","aqs_unpaved_road_dust","air_quality_supplemental","fugitive_dust","unpaved_road","unpaved_road_dust","not_applicable","비산먼지","비포장도로 비산먼지","RV","","vehicle-km surface moisture","documented_proxy","allocate_by_vehicle_surface_vehicle_km","medium","Aggregate activity spans native classes and surface states.","capss_handbook_vii","Paved-road dust is excluded."
"cw_aqs_fuel_distribution_losses_수송_및_저유소_주유소_제외","aqs_fuel_distribution_losses","air_quality_supplemental","fuel_distribution","losses","distribution_losses","petroleum_products","에너지수송 및 저장","휘발유 공급","수송 및 저유소(주유소 제외)","","gasoline throughput","documented_proxy","assign_to_single_owning_module","high","Same CAPSS stages may be represented in energy-conversion storage/loading.","capss_handbook_vii","Choose one owning inventory row."
"cw_aqs_fuel_distribution_losses_정유사_출하기지","aqs_fuel_distribution_losses","air_quality_supplemental","fuel_distribution","losses","distribution_losses","petroleum_products","에너지수송 및 저장","휘발유 공급","정유사 출하기지","","gasoline throughput","documented_proxy","assign_to_single_owning_module","high","Same CAPSS stages may be represented in energy-conversion storage/loading.","capss_handbook_vii","Choose one owning inventory row."
"cw_aqs_fuel_distribution_losses_주유소_주유시_포함","aqs_fuel_distribution_losses","air_quality_supplemental","fuel_distribution","losses","distribution_losses","petroleum_products","에너지수송 및 저장","휘발유 공급","주유소(주유시 포함)","","gasoline throughput","documented_proxy","assign_to_single_owning_module","high","Same CAPSS stages may be represented in energy-conversion storage/loading.","capss_handbook_vii","Choose one owning inventory row."
"cw_aqs_open_biomass_burning_residue","aqs_open_biomass_burning","air_quality_supplemental","biomass_burning","open_burning","open_biomass_burning","biomass","생물성 연소","농업잔재물 소각","과수","","dry matter burned","aggregate_proxy","subtract_explicit_crop_residue_then_allocate_remaining","high","Crop-residue source overlaps explicit agriculture row.","capss_handbook_vii","Only residual open biomass belongs here."
"cw_aqs_open_biomass_burning_wildfire","aqs_open_biomass_burning","air_quality_supplemental","biomass_burning","open_burning","open_biomass_burning","biomass","기타 면오염원","산불 및 화재","산불","","burned area and fuel load","documented_proxy","allocate_by_burned_area_fuel_load","medium","Wildfire is supplemental and not an energy-consuming GCAM activity.","capss_handbook_vii","Keep natural-fire boundary explicit."
"cw_bld_residential_space_heat_화목난로","bld_residential_space_heat","buildings","residential","space_heating","direct_combustion","wood","생물성 연소","목재난로 및 보일러","화목난로 및 보일러","화목난로","wood consumed","documented_proxy","allocate_by_device_fuel_use","medium","The CAPSS device can serve space heat and must not be counted again as generic residential biomass.","capss_handbook_vii","Wood-boiler hot-water use remains separate."
"cw_bld_residential_space_heat_펠렛난로","bld_residential_space_heat","buildings","residential","space_heating","direct_combustion","wood_pellet","생물성 연소","목재난로 및 보일러","펠렛난로 및 보일러","펠렛난로","pellet consumed","documented_proxy","allocate_by_device_fuel_use","medium","The CAPSS device can serve space heat and must not be counted again as generic residential biomass.","capss_handbook_vii","Wood-boiler hot-water use remains separate."
"cw_bld_residential_space_heat_화목보일러","bld_residential_space_heat","buildings","residential","space_heating","direct_combustion","wood","생물성 연소","목재난로 및 보일러","화목난로 및 보일러","화목보일러","wood consumed","documented_proxy","allocate_by_device_end_use","high","Boilers can jointly provide space and water heat.","capss_handbook_vii","Allocate one device's fuel across end uses before applying factors."
"cw_bld_residential_space_heat_펠렛보일러","bld_residential_space_heat","buildings","residential","space_heating","direct_combustion","wood_pellet","생물성 연소","목재난로 및 보일러","펠렛난로 및 보일러","펠렛보일러","pellet consumed","documented_proxy","allocate_by_device_end_use","high","Boilers can jointly provide space and water heat.","capss_handbook_vii","Allocate one device's fuel across end uses before applying factors."
"cw_bld_residential_water_heat_화목보일러","bld_residential_water_heat","buildings","residential","water_heating","direct_combustion","wood","생물성 연소","목재난로 및 보일러","화목난로 및 보일러","화목보일러","wood consumed","documented_proxy","allocate_by_device_end_use","high","Boilers can jointly provide space and water heat.","capss_handbook_vii","Allocate one device's fuel across end uses before applying factors."
"cw_bld_residential_water_heat_펠렛보일러","bld_residential_water_heat","buildings","residential","water_heating","direct_combustion","wood_pellet","생물성 연소","목재난로 및 보일러","펠렛난로 및 보일러","펠렛보일러","pellet consumed","documented_proxy","allocate_by_device_end_use","high","Boilers can jointly provide space and water heat.","capss_handbook_vii","Allocate one device's fuel across end uses before applying factors."
"cw_bld_residential_cooking_아궁이_장작","bld_residential_cooking","buildings","residential","cooking","cooking_combustion","wood","생물성 연소","아궁이","장작","","wood consumed","documented_proxy","allocate_by_stove_end_use","high","Traditional stoves can jointly provide cooking and heating.","capss_handbook_vii","Waste and crop-residue stove fuels remain unresolved to avoid overlap with open burning."
"cw_aqs_commercial_cooking_aerosol_쇠고기","aqs_commercial_cooking_aerosol","air_quality_supplemental","biomass_burning","commercial_cooking","commercial_grilling","beef","생물성 연소","고기 및 생선구이","쇠고기","","tonne food grilled","documented_proxy","allocate_by_species_method_and_distribution_share","medium","Food aerosol is outside commercial fuel combustion.","capss_handbook_vii","CAPSS excludes household grilling because activity shares are unavailable."
"cw_aqs_commercial_cooking_aerosol_돼지고기","aqs_commercial_cooking_aerosol","air_quality_supplemental","biomass_burning","commercial_cooking","commercial_grilling","pork","생물성 연소","고기 및 생선구이","돼지고기","","tonne food grilled","documented_proxy","allocate_by_species_method_and_distribution_share","medium","Food aerosol is outside commercial fuel combustion.","capss_handbook_vii","CAPSS excludes household grilling because activity shares are unavailable."
"cw_aqs_commercial_cooking_aerosol_닭고기","aqs_commercial_cooking_aerosol","air_quality_supplemental","biomass_burning","commercial_cooking","commercial_grilling","chicken","생물성 연소","고기 및 생선구이","닭고기","","tonne food grilled","documented_proxy","allocate_by_species_method_and_distribution_share","medium","Food aerosol is outside commercial fuel combustion.","capss_handbook_vii","CAPSS excludes household grilling because activity shares are unavailable."
"cw_aqs_commercial_cooking_aerosol_오리고기","aqs_commercial_cooking_aerosol","air_quality_supplemental","biomass_burning","commercial_cooking","commercial_grilling","duck","생물성 연소","고기 및 생선구이","오리고기","","tonne food grilled","documented_proxy","allocate_by_species_method_and_distribution_share","medium","Food aerosol is outside commercial fuel combustion.","capss_handbook_vii","CAPSS excludes household grilling because activity shares are unavailable."
"cw_aqs_charcoal_kiln","aqs_charcoal_kiln","air_quality_supplemental","biomass_burning","charcoal_production","charcoal_kiln","wood","생물성 연소","숯가마","숯가마","","tonne dry wood","documented_proxy","use_documented_wood_density","medium","Charcoal production is distinct from residential biomass fuel use.","capss_handbook_vii","CAPSS converts wood volume using 800 kg/m3."
"cw_aqs_road_tire_brake_wear_승용차","aqs_road_tire_brake_wear","air_quality_supplemental","fugitive_dust","road_nonexhaust","tire_brake_wear","vehicle_class_specific","비산먼지","타이어마모","승용차","","vehicle-km by class and driving pattern","aggregate_proxy","allocate_by_vehicle_class_size_and_pattern","high","Tire/brake wear must not be combined with paved-road resuspension.","capss_road_nonexhaust_2025","Handbook VII has the category but no factor; the 2025 update adds tire and brake methods."
"cw_aqs_road_tire_brake_wear_택시","aqs_road_tire_brake_wear","air_quality_supplemental","fugitive_dust","road_nonexhaust","tire_brake_wear","vehicle_class_specific","비산먼지","타이어마모","택시","","vehicle-km by class and driving pattern","aggregate_proxy","allocate_by_vehicle_class_size_and_pattern","high","Tire/brake wear must not be combined with paved-road resuspension.","capss_road_nonexhaust_2025","Handbook VII has the category but no factor; the 2025 update adds tire and brake methods."
"cw_aqs_road_tire_brake_wear_승합차","aqs_road_tire_brake_wear","air_quality_supplemental","fugitive_dust","road_nonexhaust","tire_brake_wear","vehicle_class_specific","비산먼지","타이어마모","승합차","","vehicle-km by class and driving pattern","aggregate_proxy","allocate_by_vehicle_class_size_and_pattern","high","Tire/brake wear must not be combined with paved-road resuspension.","capss_road_nonexhaust_2025","Handbook VII has the category but no factor; the 2025 update adds tire and brake methods."
"cw_aqs_road_tire_brake_wear_버스","aqs_road_tire_brake_wear","air_quality_supplemental","fugitive_dust","road_nonexhaust","tire_brake_wear","vehicle_class_specific","비산먼지","타이어마모","버스","","vehicle-km by class and driving pattern","aggregate_proxy","allocate_by_vehicle_class_size_and_pattern","high","Tire/brake wear must not be combined with paved-road resuspension.","capss_road_nonexhaust_2025","Handbook VII has the category but no factor; the 2025 update adds tire and brake methods."
"cw_aqs_road_tire_brake_wear_화물차","aqs_road_tire_brake_wear","air_quality_supplemental","fugitive_dust","road_nonexhaust","tire_brake_wear","vehicle_class_specific","비산먼지","타이어마모","화물차","","vehicle-km by class and driving pattern","aggregate_proxy","allocate_by_vehicle_class_size_and_pattern","high","Tire/brake wear must not be combined with paved-road resuspension.","capss_road_nonexhaust_2025","Handbook VII has the category but no factor; the 2025 update adds tire and brake methods."
"cw_aqs_road_tire_brake_wear_특수차","aqs_road_tire_brake_wear","air_quality_supplemental","fugitive_dust","road_nonexhaust","tire_brake_wear","vehicle_class_specific","비산먼지","타이어마모","특수차","","vehicle-km by class and driving pattern","aggregate_proxy","allocate_by_vehicle_class_size_and_pattern","high","Tire/brake wear must not be combined with paved-road resuspension.","capss_road_nonexhaust_2025","Handbook VII has the category but no factor; the 2025 update adds tire and brake methods."
"cw_aqs_road_tire_brake_wear_rv","aqs_road_tire_brake_wear","air_quality_supplemental","fugitive_dust","road_nonexhaust","tire_brake_wear","vehicle_class_specific","비산먼지","타이어마모","RV","","vehicle-km by class and driving pattern","aggregate_proxy","allocate_by_vehicle_class_size_and_pattern","high","Tire/brake wear must not be combined with paved-road resuspension.","capss_road_nonexhaust_2025","Handbook VII has the category but no factor; the 2025 update adds tire and brake methods."
"cw_aqs_road_tire_brake_wear_brake_pending","aqs_road_tire_brake_wear","air_quality_supplemental","fugitive_dust","road_nonexhaust","tire_brake_wear","vehicle_class_specific","","","","","vehicle-km by class and driving pattern","unresolved","research_required","high","The approved brake-wear category is not present in Handbook VII.","capss_road_nonexhaust_2025","Add the native CAPSS category when the 2024-inventory method is published."
