year,capss_category,pollutant,capss_t,gcam_t,abs_rel_diff_pct,near_exact
2015,Agriculture,NH3,231263.0,231262.9764,1.0204831724092145e-05,True
2021,Agriculture,NH3,200384.0,200384.0468,2.335515809637201e-05,True
2015,Road transport,VOCs,46145.0,46146.65806731999,0.0035931678838307946,True
2015,Waste disposal,SOx,2119.0,2119.12,0.005663048607829069,True
2021,Road transport,SOx,248.0,247.96955588,0.012275854838705857,True
2021,Road transport,NOx,287279.0,287340.60178320005,0.02144319048731358,True
2021,Road transport,NH3,1706.0,1706.63496894,0.03721975029307156,True
2015,Industrial process,NH3,39432.0,39467.3,0.08952120105498729,True
2021,Industrial process,NH3,41953.0,41991.1,0.09081591304553882,True
2015,Road transport,SOx,209.0,208.79869909,0.09631622488037728,True
2021,Waste disposal,SOx,1382.0,1383.54,0.11143270622286927,True
2015,Road transport,NH3,10078.0,10187.959005964,1.0910796384600019,False
2015,Biomass burning,BC,2255.0,2220.017382094,1.5513356055875893,False
2021,Road transport,VOCs,29502.0,29040.409188,1.5646085417937772,False
2021,Non-industry,NH3,1559.0,1524.5515497,2.2096504361770464,False
2021,Non-industry,CO,40898.0,39969.316999999995,2.2707296200303317,False
2015,Non-industry,NH3,1351.0,1312.368709,2.8594589933382597,False
2015,Road transport,BC,5456.0,5278.942,3.2451979472140735,False
2021,Industrial process,NOx,37795.0,39099.1,3.4504564095779733,False
2015,Industrial process,NOx,59830.0,57473.8,3.9381581146581968,False
2021,Waste disposal,NOx,10757.0,11187.6,4.002974807102366,False
2021,Road transport,BC,1853.0,1937.509,4.56065839179709,False
2015,Waste disposal,NOx,11977.0,12527.8,4.598814394255646,False
2021,Industrial process,SOx,88109.0,83811.5,4.877481301569642,False
2021,Solvent use,VOCs,544279.0,574266.0,5.509490537022366,False
2015,Solvent use,VOCs,555359.0,589374.0,6.124866977936794,False
2021,Waste disposal,VOCs,54376.0,58197.75,7.0283764896277745,False
2021,Non-road transport,CO,176633.0,189280.29154999997,7.160208766198828,False
2015,Waste disposal,VOCs,57074.0,61562.1,7.863650699092406,False
2015,Industrial process,SOx,105385.0,96746.5,8.197086871945725,False
2021,Biomass burning,BC,2183.0,1987.2064308,8.969013705909301,False
2015,Waste disposal,NH3,22.0,24.2336,10.152727272727269,False
2015,Manufacturing industry,NOx,169139.0,186535.354,10.285241133032596,False
2021,Industrial process,CO,25826.0,28648.8,10.930070471617736,False
2021,Waste disposal,NH3,23.0,25.5526,11.098260869565223,False
2015,Non-industry,CO,72299.0,80546.5996,11.407626108244928,False
2021,Manufacturing industry,NOx,124737.0,139740.69199999998,12.028261061272904,False
2015,Non-road transport,CO,135700.0,152833.3606,12.625910537951368,False
2015,Non-road transport,VOCs,40311.0,45418.567249,12.670405718042211,False
2015,Non-road transport,SOx,39424.0,34141.72246,13.398634182224034,False
2021,Non-road transport,NOx,281764.0,241236.7684,14.383395891597228,False
2015,Energy production,CO,55138.0,46396.4836,15.853887337226592,False
2021,Non-road transport,VOCs,64810.0,75648.49476300001,16.723491379416778,False
2021,Energy production,NH3,2200.0,1820.313,17.258499999999998,False
2015,Energy production,NH3,1379.0,1121.82012,18.649737490935458,False
2015,Energy production,NOx,150818.0,121039.696,19.744529167605997,False
2015,Industrial process,CO,26069.0,31635.6,21.35333154321224,False
2021,Energy production,CO,68450.0,53427.191,21.94712783053324,False
2021,Manufacturing industry,NH3,1147.0,1400.80848,22.12802789886661,False
2015,Industrial process,VOCs,182899.0,141795.0,22.47360565120641,False
2015,Non-industry,VOCs,2622.0,2029.366991,22.602326811594196,False
2021,Energy production,NOx,50200.0,38817.56,22.67418326693228,False
2015,Manufacturing industry,SOx,85098.0,104875.94299,23.241372288420404,False
2015,Road transport,CO,245516.0,307171.1411287,25.11247378121997,False
2015,Road transport,NOx,369585.0,463968.912073,25.537809184084857,False
2021,Non-industry,NOx,83337.0,61594.54884,26.089793441088595,False
2021,Road transport,CO,134629.0,171685.307028,27.524758430947283,False
2015,Manufacturing industry,NH3,627.0,799.963754,27.585925677830936,False
2015,Non-industry,SOx,28736.0,20371.949333999997,29.10652375417596,False
2015,Energy production,SOx,91243.0,63538.500702000005,30.363424370088655,False
2021,Industrial process,VOCs,185822.0,127874.0,31.184682115142447,False
2021,Non-road transport,SOx,8451.0,11221.010817,32.77731412850551,False
2021,Non-road transport,NH3,111.0,147.456893,32.844047747747766,False
2021,Non-industry,VOCs,2842.0,1809.644082,36.32497952146375,False
2015,Non-industry,NOx,82948.0,51805.09502000001,37.54509449293533,False
2015,Non-road transport,BC,6879.0,4277.6448120000005,37.81589167030091,False
2015,Non-road transport,NOx,304376.0,187763.1439,38.31210611217705,False
2015,Non-road transport,NH3,117.0,161.854554,38.33722564102564,False
2021,Non-industry,SOx,7841.0,4678.904917,40.32770160693789,False
2015,Energy production,VOCs,7464.0,4127.93242,44.69543917470526,False
2021,Energy production,VOCs,9004.0,4920.69287,45.34992370057752,False
2021,Energy production,SOx,29550.0,15453.436,47.704108291032156,False
2021,Manufacturing industry,SOx,25337.0,38071.78899,50.26162919840549,False
2015,Industrial process,BC,16.0,24.4915,53.07187499999999,False
2021,Non-road transport,BC,5990.0,2119.94021,64.6086776293823,False
2015,Manufacturing industry,CO,16854.0,28065.7817,66.52297199477869,False
2021,Biomass burning,SOx,77.0,129.57988508,68.28556503896104,False
2021,Industrial process,BC,15.0,25.3636,69.09066666666668,False
2015,Biomass burning,SOx,79.0,136.62857523,72.94756358227848,False
2021,Energy transport and storage,VOCs,24107.0,4225.040400000001,82.4738026299415,False
2021,Manufacturing industry,CO,19191.0,35474.269100000005,84.84846594757963,False
2015,Energy transport and storage,VOCs,29137.0,3362.8737,88.45840786628685,False
2015,Biomass burning,CO,232455.0,25147.7052189,89.18168883487127,False
2021,Biomass burning,CO,220482.0,23266.898635079997,89.44725708444227,False
2015,Biomass burning,NOx,8883.0,875.4309406680001,90.14487289577845,False
2021,Biomass burning,NOx,8428.0,820.398005082,90.2658044010204,False
2015,Biomass burning,VOCs,86012.0,5490.59740814,93.6164751335395,False
2021,Biomass burning,VOCs,84543.0,5033.435948595999,94.04630075985474,False
2015,Manufacturing industry,VOCs,3101.0,6039.828309999999,94.77034214769427,False
2021,Manufacturing industry,VOCs,2894.0,5944.198105,105.39730839668282,False
2021,Waste disposal,CO,2235.0,6565.88,193.77539149888145,False
2015,Waste disposal,CO,1548.0,5747.31,271.2732558139535,False
2015,Energy production,BC,307.0,2725.4195535,787.7588122149837,False
2015,Manufacturing industry,BC,741.0,7515.769828,914.2739309041837,False
2021,Energy production,BC,432.0,4797.02095,1010.4215162037038,False
2021,Non-industry,BC,183.0,3205.1153222,1651.4291378142075,False
2021,Biomass burning,NH3,15.0,408.6446604,2624.297736,False
2021,Waste disposal,BC,4.0,113.401,2735.025,False
2015,Biomass burning,NH3,15.0,449.703664289,2898.0244285933336,False
2021,Manufacturing industry,BC,173.0,6372.125164,3583.309343352601,False
2015,Waste disposal,BC,3.0,113.401,3680.0333333333333,False
2015,Non-industry,BC,155.0,10132.5604503,6437.135774387096,False
