year,technology,pollutant,ef_kg_per_TJ,fuel_EJ,emissions_kg
2005,gas (CC),CO,28.98634223298989,0.40545647,11752700.0
2010,gas (CC),CO,44.91454038216298,0.46855873,21045100.0
2015,gas (CC),CO,56.21113235095416,0.76097026,42775000.0
2021,gas (CC),CO,38.25006043892529,0.99430954,38032400.0
2030,gas (CC),CO,19.19719962885009,0.9061998800000002,17396500.0
2050,gas (CC),CO,11.301398627718974,0.5964429909999999,6740640.0
2005,gas (steam/CT),CO,28.986253552260433,0.031323365,907947.0
2010,gas (steam/CT),CO,44.91454773211995,0.26721409,12001800.0
2015,gas (steam/CT),CO,56.21114847311494,0.0096029527,539793.0
2021,gas (steam/CT),CO,38.25011134121035,0.2808933,10744200.0
2030,gas (steam/CT),CO,20.170994615584423,0.08935603,1802400.0
2050,gas (steam/CT),CO,12.039539700011574,0.03383817074,407396.0
2005,gas (CC),NOx,95.01044588091048,0.40545647,38522600.0
2010,gas (CC),NOx,19.462875016756172,0.46855873,9119500.0
2015,gas (CC),NOx,21.099773334111635,0.76097026,16056299.999999998
2021,gas (CC),NOx,6.333369787440639,0.99430954,6297330.0
2030,gas (CC),NOx,5.018782390481004,0.9061998800000002,4548020.0
2050,gas (CC),NOx,4.602082749598445,0.5964429909999999,2744880.0
2005,gas (steam/CT),NOx,95.01054564220672,0.031323365,2976050.0
2010,gas (steam/CT),NOx,19.46285841438975,0.26721409,5200750.0
2015,gas (steam/CT),NOx,21.099656150550445,0.0096029527,202619.0
2021,gas (steam/CT),NOx,6.333365729976472,0.2808933,1779000.0
2030,gas (steam/CT),NOx,3.339864136757195,0.08935603,298437.0
2050,gas (steam/CT),NOx,2.0479800912547788,0.03383817074,69299.9
