year,capss_category,pollutant,capss_t,gcam_t,ratio
2015,Energy production,SOx,91243.0,63538.500702000005,0.6963657562991135
2015,Non-industry,SOx,28736.0,20371.949333999997,0.7089347624582404
2015,Manufacturing industry,SOx,85098.0,104875.94299,1.2324137228842045
2015,Industrial process,SOx,105385.0,96746.5,0.9180291312805428
2015,Energy transport and storage,SOx,0.0,141.94495,inf
2015,Solvent use,SOx,0.0,0.0,
2015,Road transport,SOx,209.0,208.79869909,0.9990368377511962
2015,Non-road transport,SOx,39424.0,34141.72246,0.8660136581777597
2015,Waste disposal,SOx,2119.0,2119.12,1.0000566304860783
2015,Agriculture,SOx,0.0,0.0,
2015,Other surface-pollutant source,SOx,0.0,0.0,
2015,Fugitive dust,SOx,0.0,0.0,
2015,Biomass burning,SOx,79.0,136.62857523,1.7294756358227847
2015,Energy production,NOx,150818.0,121039.696,0.80255470832394
2015,Non-industry,NOx,82948.0,51805.09502000001,0.6245490550706467
2015,Manufacturing industry,NOx,169139.0,186535.354,1.102852411330326
2015,Industrial process,NOx,59830.0,57473.8,0.960618418853418
2015,Energy transport and storage,NOx,0.0,17.296862,inf
2015,Solvent use,NOx,0.0,0.0,
2015,Road transport,NOx,369585.0,463968.912073,1.2553780918408486
2015,Non-road transport,NOx,304376.0,187763.1439,0.6168789388782295
2015,Waste disposal,NOx,11977.0,12527.8,1.0459881439425565
2015,Agriculture,NOx,0.0,15448.68852,inf
2015,Other surface-pollutant source,NOx,172.0,0.0,0.0
2015,Fugitive dust,NOx,0.0,0.0,
2015,Biomass burning,NOx,8883.0,875.4309406680001,0.0985512710422154
2015,Energy production,VOCs,7464.0,4127.93242,0.5530456082529475
2015,Non-industry,VOCs,2622.0,2029.366991,0.7739767318840579
2015,Manufacturing industry,VOCs,3101.0,6039.828309999999,1.9477034214769424
2015,Industrial process,VOCs,182899.0,141795.0,0.7752639434879359
2015,Energy transport and storage,VOCs,29137.0,3362.8737,0.1154159213371314
2015,Solvent use,VOCs,555359.0,589374.0,1.061248669779368
2015,Road transport,VOCs,46145.0,46146.65806731999,1.0000359316788383
2015,Non-road transport,VOCs,40311.0,45418.567249,1.126704057180422
2015,Waste disposal,VOCs,57074.0,61562.1,1.078636506990924
2015,Agriculture,VOCs,0.0,52533.966799999995,inf
2015,Other surface-pollutant source,VOCs,648.0,0.0,0.0
2015,Fugitive dust,VOCs,0.0,0.0,
2015,Biomass burning,VOCs,86012.0,5490.59740814,0.0638352486646049
2015,Energy production,NH3,1379.0,1121.82012,0.8135026250906453
2015,Non-industry,NH3,1351.0,1312.368709,0.9714054100666174
2015,Manufacturing industry,NH3,627.0,799.963754,1.2758592567783094
2015,Industrial process,NH3,39432.0,39467.3,1.00089521201055
2015,Energy transport and storage,NH3,0.0,314.878,inf
2015,Solvent use,NH3,0.0,0.0,
2015,Road transport,NH3,10078.0,10187.959005964,1.0109107963846
2015,Non-road transport,NH3,117.0,161.854554,1.3833722564102564
2015,Waste disposal,NH3,22.0,24.2336,1.101527272727273
2015,Agriculture,NH3,231263.0,231262.9764,0.9999998979516828
2015,Other surface-pollutant source,NH3,12882.0,0.0,0.0
2015,Fugitive dust,NH3,0.0,0.0,
2015,Biomass burning,NH3,15.0,449.703664289,29.98024428593333
2015,Energy production,CO,55138.0,46396.4836,0.8414611266277341
2015,Non-industry,CO,72299.0,80546.5996,1.1140762610824493
2015,Manufacturing industry,CO,16854.0,28065.7817,1.6652297199477868
2015,Industrial process,CO,26069.0,31635.6,1.2135333154321224
2015,Energy transport and storage,CO,0.0,4004.628313,inf
2015,Solvent use,CO,0.0,0.0,
2015,Road transport,CO,245516.0,307171.1411287,1.2511247378121997
2015,Non-road transport,CO,135700.0,152833.3606,1.1262591053795137
2015,Waste disposal,CO,1548.0,5747.31,3.712732558139535
2015,Agriculture,CO,0.0,0.0,
2015,Other surface-pollutant source,CO,7197.0,0.0,0.0
2015,Fugitive dust,CO,0.0,0.0,
2015,Biomass burning,CO,232455.0,25147.7052189,0.1081831116512873
2015,Energy production,BC,307.0,2725.4195535,8.877588122149836
2015,Non-industry,BC,155.0,10132.5604503,65.37135774387096
2015,Manufacturing industry,BC,741.0,7515.769828,10.142739309041836
2015,Industrial process,BC,16.0,24.4915,1.53071875
2015,Energy transport and storage,BC,0.0,0.11410903,inf
2015,Solvent use,BC,0.0,0.0,
2015,Road transport,BC,5456.0,5278.942,0.9675480205278592
2015,Non-road transport,BC,6879.0,4277.6448120000005,0.621841083296991
2015,Waste disposal,BC,3.0,113.401,37.800333333333334
2015,Agriculture,BC,0.0,0.0,
2015,Other surface-pollutant source,BC,15.0,0.0,0.0
2015,Fugitive dust,BC,108.0,0.0,0.0
2015,Biomass burning,BC,2255.0,2220.017382094,0.984486643944124
