series,year,ref,nz
"Coal power NOx, kg/MWh",2005,1.7531833079884145,1.7531833079884145
"Coal power NOx, kg/MWh",2010,0.5086117819185415,0.5086117819185415
"Coal power NOx, kg/MWh",2015,0.4577898105228499,0.4577898105228499
"Coal power NOx, kg/MWh",2021,0.14952386724736536,0.14952386724736536
"Coal power NOx, kg/MWh",2030,0.07698385705175496,0.07698418476722065
"Coal power NOx, kg/MWh",2050,0.04319776248700536,0.043197882905652484
"Car (petrol/diesel) NOx, kg/GJ fuel",2005,0.2293244561441017,0.2293244561441017
"Car (petrol/diesel) NOx, kg/GJ fuel",2010,0.1170551998261825,0.1170551998261825
"Car (petrol/diesel) NOx, kg/GJ fuel",2015,0.1188032457253682,0.118803584568785
"Car (petrol/diesel) NOx, kg/GJ fuel",2021,0.0720129366035106,0.0720129366035106
"Car (petrol/diesel) NOx, kg/GJ fuel",2030,0.0370766807377704,0.0370766921972596
"Car (petrol/diesel) NOx, kg/GJ fuel",2050,0.0208047222606,0.0208047338450246
"Cement-kiln coal NOx, kg/GJ coal",2005,0.3176405745384251,0.3176405745384251
"Cement-kiln coal NOx, kg/GJ coal",2010,0.3463497730335831,0.3463497730335831
"Cement-kiln coal NOx, kg/GJ coal",2015,0.2470373198434666,0.2470373198434666
"Cement-kiln coal NOx, kg/GJ coal",2021,0.2641153404250985,0.2641153404250985
"Cement-kiln coal NOx, kg/GJ coal",2030,0.2641147543278794,0.2641148460617074
"Cement-kiln coal NOx, kg/GJ coal",2050,0.2641146846254698,0.264114630408862
"Commercial gas NOx, kg/GJ gas",2005,0.0365531576352471,0.0365531576352471
"Commercial gas NOx, kg/GJ gas",2010,0.0402378232338982,0.0402378232338982
"Commercial gas NOx, kg/GJ gas",2015,0.0416150880612859,0.0416150880612859
"Commercial gas NOx, kg/GJ gas",2021,0.0674463208569483,0.0674463208569483
"Commercial gas NOx, kg/GJ gas",2030,0.0674462457037619,0.0674463967040056
"Commercial gas NOx, kg/GJ gas",2050,0.0674462916685371,0.0674462178511613
