gcam_kaist_sector,gcam_kaist_subsector,activity_unit,korea_specific_ef,capss_equivalent_sector,capss_emission_value,ef_source,matched_via_gcam_usa_sector,ef_link_note
Beef,Mixed,Mt|billion$|km^3|mil pers,NH3: cattle <1 y=11.8; 1-2 y=14.0; >2 y=16.8 kg/animal-year. PM2.5/TSP/PM10: beef cattle=0.16/0.72/0.24 kg/animal-year.,,,National Air Pollutant Emissions Estimation Method Handbook VII,Beef / NA,GCAM livestock output must be converted to Korean animal counts and class shares.
Beef,Pastoral,Mt|billion$|km^3|mil pers,NH3: cattle <1 y=11.8; 1-2 y=14.0; >2 y=16.8 kg/animal-year. PM2.5/TSP/PM10: beef cattle=0.16/0.72/0.24 kg/animal-year.,,,National Air Pollutant Emissions Estimation Method Handbook VII,Beef / NA,GCAM livestock output must be converted to Korean animal counts and class shares.
Corn,CornC4_Korea,EJ|Mt|Mt N|billion$|km^3|mil pers,Harvest PM2.5/TSP/PM10=0.28/4.14/1.88 kg/ha. Residue burn PM2.5/NOx/VOC/CO/TSP/PM10/BC=0.00794/0.00900/0.04025/0.42739/0.02596/0.00971/0.0021 kg/kg residue; NH3 unavailable.,,,National Air Pollutant Emissions Estimation Method Handbook VII | Development of Air Pollutant Emission Factors for Crop Residues Burning,Corn / NA,Use cultivated/harvested area for dust and residue mass for burning; do not apply to crop mass.
Dairy,Mixed,Mt|billion$|km^3|mil pers,NH3: dairy cow=24.6 kg/animal-year. PM2.5/TSP/PM10: 0.23/1.08/0.36 kg/animal-year.,,,National Air Pollutant Emissions Estimation Method Handbook VII,Dairy / NA,GCAM livestock output must be converted to Korean animal counts and class shares.
Dairy,Pastoral,Mt|billion$|km^3|mil pers,NH3: dairy cow=24.6 kg/animal-year. PM2.5/TSP/PM10: 0.23/1.08/0.36 kg/animal-year.,,,National Air Pollutant Emissions Estimation Method Handbook VII,Dairy / NA,GCAM livestock output must be converted to Korean animal counts and class shares.
FeedCrops,SugarCrop,Mt,Dry-field land preparation PM2.5/TSP/PM10=0.97/14.22/6.46 kg/ha.,,,National Air Pollutant Emissions Estimation Method Handbook VII,SugarCrop / NA,Only the general land-preparation factor is supported; crop-specific harvest factor is unavailable.
FiberCrop,FiberCrop_Korea,Mt|Mt N|billion$|mil pers,Dry-field land preparation PM2.5/TSP/PM10=0.97/14.22/6.46 kg/ha.,,,National Air Pollutant Emissions Estimation Method Handbook VII,FiberCrop / NA,Only the general land-preparation factor is supported; crop-specific harvest factor is unavailable.
FodderGrass,FodderGrass_Korea,Mt|Mt N|billion$|mil pers,Dry-field land preparation PM2.5/TSP/PM10=0.97/14.22/6.46 kg/ha.,,,National Air Pollutant Emissions Estimation Method Handbook VII,FodderGrass / NA,Only the general land-preparation factor is supported; crop-specific harvest factor is unavailable.
FodderHerb_Residue,FodderHerb,Mt,Dry-field land preparation PM2.5/TSP/PM10=0.97/14.22/6.46 kg/ha.,,,National Air Pollutant Emissions Estimation Method Handbook VII,FodderHerb / NA,Only the general land-preparation factor is supported; crop-specific harvest factor is unavailable.
FoodDemand_NonStaples,SugarCrop,Mt|Pcal,NOT APPLICABLE: no direct on-site criteria-pollutant EF; upstream emissions belong to the supplying fuel/electricity sector.,,,National Air Pollutant Emissions Estimation Method Handbook VII,SugarCrop / NA,Demand/accounting node; agricultural emissions remain with crop production.
Fruits,FruitsTree_Korea,EJ|Mt|Mt N|billion$|km^3|mil pers,Harvest PM2.5/TSP/PM10=0.01/0.20/0.09 kg/ha for listed Korean orchard fruits; grapes=0.03/0.42/0.19 kg/ha.,,,National Air Pollutant Emissions Estimation Method Handbook VII | Development of Air Pollutant Emission Factors for Crop Residues Burning,Fruits / NA,Use cultivated/harvested area for dust and residue mass for burning; do not apply to crop mass.
Fruits,Fruits_Korea,EJ|Mt|Mt N|billion$|km^3|mil pers,Harvest PM2.5/TSP/PM10=0.01/0.20/0.09 kg/ha for listed Korean orchard fruits; grapes=0.03/0.42/0.19 kg/ha.,,,National Air Pollutant Emissions Estimation Method Handbook VII | Development of Air Pollutant Emission Factors for Crop Residues Burning,Fruits / NA,Use cultivated/harvested area for dust and residue mass for burning; do not apply to crop mass.
H2 central production,biomass,EJ|km^3,GAP: no defensible Korea-specific criteria-pollutant EF located for this exact GCAM-KAIST process/technology; do not substitute zero.,,,National Air Pollutant Emissions Estimation Method Handbook VII,H2 central production / biomass|H2 central production / coal|H2 central production / gas,No Korean technology-specific hydrogen-production criteria EF was located.
H2 central production,electricity,EJ|km^3,NOT APPLICABLE: no direct on-site criteria-pollutant EF; upstream emissions belong to the supplying fuel/electricity sector.,,,National Air Pollutant Emissions Estimation Method Handbook VII,H2 central production / biomass|H2 central production / coal|H2 central production / gas,Electrolysis/nuclear heat boundary has no direct combustion EF in this table.
H2 central production,gas,EJ|km^3,GAP: no defensible Korea-specific criteria-pollutant EF located for this exact GCAM-KAIST process/technology; do not substitute zero.,,,National Air Pollutant Emissions Estimation Method Handbook VII,H2 central production / biomass|H2 central production / coal|H2 central production / gas,No Korean technology-specific hydrogen-production criteria EF was located.
H2 central production,hybrid,EJ|km^3,GAP: no defensible Korea-specific criteria-pollutant EF located for this exact GCAM-KAIST process/technology; do not substitute zero.,,,National Air Pollutant Emissions Estimation Method Handbook VII,H2 central production / biomass|H2 central production / coal|H2 central production / gas,No Korean technology-specific hydrogen-production criteria EF was located.
H2 central production,nuclear,EJ|km^3,NOT APPLICABLE: no direct on-site criteria-pollutant EF; upstream emissions belong to the supplying fuel/electricity sector.,,,National Air Pollutant Emissions Estimation Method Handbook VII,H2 central production / biomass|H2 central production / coal|H2 central production / gas,Electrolysis/nuclear heat boundary has no direct combustion EF in this table.
Legumes,Legumes_Korea,EJ|Mt|Mt N|billion$|km^3|mil pers,Harvest PM2.5/TSP/PM10=0.28/4.14/1.88 kg/ha.,,,National Air Pollutant Emissions Estimation Method Handbook VII | Development of Air Pollutant Emission Factors for Crop Residues Burning,Legumes / NA,Use cultivated/harvested area for dust and residue mass for burning; do not apply to crop mass.
MiscCrop,MiscCrop_Korea,EJ|Mt|Mt N|billion$|mil pers,Harvest PM2.5/TSP/PM10=0.28/4.14/1.88 kg/ha.,,,National Air Pollutant Emissions Estimation Method Handbook VII | Development of Air Pollutant Emission Factors for Crop Residues Burning,MiscCrop / NA,Use cultivated/harvested area for dust and residue mass for burning; do not apply to crop mass.
N fertilizer,N fertilizer,Mt N|Mt NH3,"Manufacture, kg/ton product: nitric acid NOx=15.2; ammonia SOx/VOC/NH3/CO=0.0288/4.72/2.1/7.9; ammonium nitrate PM2.5/NH3/TSP/PM10=0.85018/36.57/2.151/1.09701; urea PM2.5/NH3/TSP/PM10=0.07477/10.69/0.28/0.14532.",,,National Air Pollutant Emissions Estimation Method Handbook VII,N fertilizer / gas,Corrects the former fertilizer-application mismatch; requires Korean product-mix weights.
NOT FOUND IN GCAM-KAIST (was: H2 forecourt production),,,"NOT APPLICABLE TO CURRENT GCAM-KAIST: path is absent, so no EF is applied.",,,GCAM-KAIST taxonomy reconciliation,H2 forecourt production / gas,Retained as an explicit reconciled target-table row; absence is not a zero EF.
NOT FOUND IN GCAM-KAIST (was: H2 wholesale dispensing),,,"NOT APPLICABLE TO CURRENT GCAM-KAIST: path is absent, so no EF is applied.",,,GCAM-KAIST taxonomy reconciliation,H2 wholesale dispensing / forecourt production,Retained as an explicit reconciled target-table row; absence is not a zero EF.
NOT FOUND IN GCAM-KAIST (was: crude oil),,,"NOT APPLICABLE TO CURRENT GCAM-KAIST: path is absent, so no EF is applied.",,,GCAM-KAIST taxonomy reconciliation,crude oil / unconventional oil,Retained as an explicit reconciled target-table row; absence is not a zero EF.
NOT FOUND IN GCAM-KAIST (was: trn_pass_road_LDV_2W),,,"NOT APPLICABLE TO CURRENT GCAM-KAIST: path is absent, so no EF is applied.",,,GCAM-KAIST taxonomy reconciliation,trn_pass_road_LDV_2W / Motorcycle (>250cc),Retained as an explicit reconciled target-table row; absence is not a zero EF.
NOT FOUND IN GCAM-KAIST (was: unconventional oil production),,,"NOT APPLICABLE TO CURRENT GCAM-KAIST: path is absent, so no EF is applied.",,,GCAM-KAIST taxonomy reconciliation,unconventional oil production / unconventional oil production,Retained as an explicit reconciled target-table row; absence is not a zero EF.
NonFoodDemand_Crops,SugarCrop,Mt,NOT APPLICABLE: no direct on-site criteria-pollutant EF; upstream emissions belong to the supplying fuel/electricity sector.,,,National Air Pollutant Emissions Estimation Method Handbook VII,SugarCrop / NA,Demand/accounting node; agricultural emissions remain with crop production.
NutsSeeds,NutsSeedsTree_Korea,EJ|Mt|Mt N|billion$|mil pers,Harvest PM2.5/TSP/PM10=0.28/4.14/1.88 kg/ha (other-crop class).,,,National Air Pollutant Emissions Estimation Method Handbook VII | Development of Air Pollutant Emission Factors for Crop Residues Burning,NutsSeeds / NA,Use cultivated/harvested area for dust and residue mass for burning; do not apply to crop mass.
NutsSeeds,NutsSeeds_Korea,EJ|Mt|Mt N|billion$|km^3|mil pers,Harvest PM2.5/TSP/PM10=0.28/4.14/1.88 kg/ha (other-crop class).,,,National Air Pollutant Emissions Estimation Method Handbook VII | Development of Air Pollutant Emission Factors for Crop Residues Burning,NutsSeeds / NA,Use cultivated/harvested area for dust and residue mass for burning; do not apply to crop mass.
OilCrop,OilCrop_Korea,EJ|Mt|Mt N|billion$|km^3|mil pers,Harvest PM2.5/TSP/PM10=0.28/4.14/1.88 kg/ha.,,,National Air Pollutant Emissions Estimation Method Handbook VII | Development of Air Pollutant Emission Factors for Crop Residues Burning,OilCrop / NA,Use cultivated/harvested area for dust and residue mass for burning; do not apply to crop mass.
OtherGrain,OtherGrainC4_Korea,EJ|Mt|Mt N|billion$|km^3|mil pers,Harvest PM2.5/TSP/PM10=0.28/4.14/1.88 kg/ha.,,,National Air Pollutant Emissions Estimation Method Handbook VII | Development of Air Pollutant Emission Factors for Crop Residues Burning,OtherGrain / NA,Use cultivated/harvested area for dust and residue mass for burning; do not apply to crop mass.
OtherGrain,OtherGrain_Korea,EJ|Mt|Mt N|billion$|km^3|mil pers,Harvest PM2.5/TSP/PM10=0.28/4.14/1.88 kg/ha.,,,National Air Pollutant Emissions Estimation Method Handbook VII | Development of Air Pollutant Emission Factors for Crop Residues Burning,OtherGrain / NA,Use cultivated/harvested area for dust and residue mass for burning; do not apply to crop mass.
Pork,Mixed,Mt|billion$|km^3|mil pers,"NH3: piglet=4.40; growing=5.27; finishing=7.28; sow=21.40 kg/animal-year. PM2.5/TSP/PM10: piglet=0.029/0.54/0.18, grow-finish=0.069/1.26/0.42, sow=0.073/1.35/0.45 kg/animal-year.",,,National Air Pollutant Emissions Estimation Method Handbook VII,Pork / NA,GCAM livestock output must be converted to Korean animal counts and class shares.
Poultry,Mixed,Mt|billion$|km^3|mil pers,"NH3: layer=0.37; broiler=0.061625; breeder=annual layer/broiler weighted mean kg/animal-year. PM2.5/TSP/PM10: layer=0.0021/0.05/0.017, broiler=0.000461/0.156/0.00294 kg/animal-year.",,,National Air Pollutant Emissions Estimation Method Handbook VII,Poultry / NA,GCAM livestock output must be converted to Korean animal counts and class shares.
Rice,Rice_Korea,EJ|Mt|Mt N|billion$|km^3|mil pers,Harvest PM2.5/TSP/PM10=0.28/4.14/1.88 kg/ha.,,,National Air Pollutant Emissions Estimation Method Handbook VII | Development of Air Pollutant Emission Factors for Crop Residues Burning,Rice / NA,Use cultivated/harvested area for dust and residue mass for burning; do not apply to crop mass.
RootTuber,RootTuber_Korea,EJ|Mt|Mt N|billion$|km^3|mil pers,Harvest PM2.5/TSP/PM10=0.28/4.14/1.88 kg/ha.,,,National Air Pollutant Emissions Estimation Method Handbook VII | Development of Air Pollutant Emission Factors for Crop Residues Burning,RootTuber / NA,Use cultivated/harvested area for dust and residue mass for burning; do not apply to crop mass.
SheepGoat,Mixed,Mt|billion$|km^3|mil pers,NH3: sheep=0.46 and goat=0.46 kg/animal-year; no matching CAPSS livestock-dust factor is available.,,,National Air Pollutant Emissions Estimation Method Handbook VII,SheepGoat / NA,GCAM livestock output must be converted to Korean sheep/goat counts.
SheepGoat,Pastoral,Mt|billion$|km^3|mil pers,NH3: sheep=0.46 and goat=0.46 kg/animal-year; no matching CAPSS livestock-dust factor is available.,,,National Air Pollutant Emissions Estimation Method Handbook VII,SheepGoat / NA,GCAM livestock output must be converted to Korean sheep/goat counts.
Soybean,Soybean_Korea,EJ|Mt|Mt N|billion$|km^3|mil pers,Harvest PM2.5/TSP/PM10=0.28/4.14/1.88 kg/ha. Residue burn PM2.5/NOx/VOC/NH3/CO/TSP/PM10/BC=0.01011/0.00038/0.02736/0.00002/0.01584/0.03001/0.01197/0.0016 kg/kg residue.,,,National Air Pollutant Emissions Estimation Method Handbook VII | Development of Air Pollutant Emission Factors for Crop Residues Burning,Soybean / NA,Two separate source boundaries: harvest dust per area and residue burning per residue mass.
UnmanagedLand,Deforest_Korea,none|thous km2,GAP: no defensible Korea-specific criteria-pollutant EF located for this exact GCAM-KAIST process/technology; do not substitute zero.,,,National Air Pollutant Emissions Estimation Method Handbook VII,UnmanagedLand / NA,Forest-fire factors must not be transferred to deforestation or grassland fire.
UnmanagedLand,ForestFire_Korea,none|thous km2,PM2.5/NOx/VOC/CO/TSP/PM10/BC=98.1/40/242/1410/172/109/9.30856 kg/ha burned; SOx and NH3 unavailable. BC is PM2.5*0.0948885.,,,National Air Pollutant Emissions Estimation Method Handbook VII,UnmanagedLand / NA,Convert GCAM thousand km2 to burned hectares only when the activity is burned area.
UnmanagedLand,GrasslandFires_Korea,none|thous km2,GAP: no defensible Korea-specific criteria-pollutant EF located for this exact GCAM-KAIST process/technology; do not substitute zero.,,,National Air Pollutant Emissions Estimation Method Handbook VII,UnmanagedLand / NA,Forest-fire factors must not be transferred to deforestation or grassland fire.
Vegetables,Vegetables_Korea,EJ|Mt|Mt N|billion$|km^3|mil pers,"Harvest PM2.5/TSP/PM10=0.01/0.20/0.09, 0.03/0.42/0.19, or 0.28/4.14/1.88 kg/ha depending on crop in CAPSS Table 12-12.",,,National Air Pollutant Emissions Estimation Method Handbook VII | Development of Air Pollutant Emission Factors for Crop Residues Burning,Vegetables / NA,Use cultivated/harvested area for dust and residue mass for burning; do not apply to crop mass.
Wheat,Wheat_Korea,EJ|Mt|Mt N|billion$|km^3|mil pers,Harvest PM2.5/TSP/PM10=0.97/14.31/6.50 kg/ha. Barley/wheat residue proxy PM2.5/NOx/VOC/NH3/CO/TSP/PM10/BC=0.03524/0.01763/0.10520/0.00001/0.40344/0.08584/0.05307/0.0022 kg/kg residue.,,,National Air Pollutant Emissions Estimation Method Handbook VII | Development of Air Pollutant Emission Factors for Crop Residues Burning,Wheat / NA,Use cultivated/harvested area for dust and residue mass for burning; do not apply to crop mass.
airCO2,airCO2,Mt,NOT APPLICABLE: no direct on-site criteria-pollutant EF; upstream emissions belong to the supplying fuel/electricity sector.,,,National Air Pollutant Emissions Estimation Method Handbook VII,airCO2 / airCO2,"Carbon-flow accounting node, not a direct criteria-pollutant source."
biomass,biomassGrass_Korea,EJ|Mt N|billion$|km^3|mil pers,Dry-field production dust PM2.5/TSP/PM10=0.97/14.22/6.46 kg/ha; combustion factors are not applied at the biomass-production boundary.,,,National Air Pollutant Emissions Estimation Method Handbook VII,biomass / NA,Requires harvested-area activity; excludes downstream combustion and open burning.
biomass,biomassTree_Korea,EJ|Mt N|billion$|km^3|mil pers,Dry-field production dust PM2.5/TSP/PM10=0.97/14.22/6.46 kg/ha; combustion factors are not applied at the biomass-production boundary.,,,National Air Pollutant Emissions Estimation Method Handbook VII,biomass / NA,Requires harvested-area activity; excludes downstream combustion and open burning.
cement,cement,EJ|EJ or Mt|Mt,Clinker production PM2.5/TSP/PM10=0.01330/0.02020/0.01919 kg/ton clinker.,,,National Air Pollutant Emissions Estimation Method Handbook VII,cement / cement,Use only the clinker-mass activity; combustion is assigned to process-heat rows.
chemical energy use,coal,EJ,CAPSS bituminous-coal combustion PM2.5/SOx/NOx/VOC/NH3/CO/TSP/PM10=10.1409/19S/5.55/0.03/0.00028/0.25/50/29.1 kg/ton fuel (manufacturing; S=fuel sulfur mass fraction in CAPSS convention); BC=PM2.5*0.018766.,,,National Air Pollutant Emissions Estimation Method Handbook VII,coal / coal,Convert EJ to tonnes of the matched coal grade.
chemical feedstocks,coal,EJ,GAP: no defensible Korea-specific criteria-pollutant EF located for this exact GCAM-KAIST process/technology; do not substitute zero.,,,National Air Pollutant Emissions Estimation Method Handbook VII,coal / coal,Feedstock carbon is not combustion; the earlier combustion-factor link was invalid.
comm cooling,electricity,EJ,NOT APPLICABLE: no direct on-site criteria-pollutant EF; upstream emissions belong to the supplying fuel/electricity sector.,,,National Air Pollutant Emissions Estimation Method Handbook VII,comm cooling / electricity|comm cooling / gas,Purchased electricity; power-sector factors carry upstream emissions.
comm cooling,gas,EJ,CAPSS LNG combustion PM2.5/SOx/NOx/VOC/NH3/CO/TSP/PM10=0.03/0.01/3.7/0.18/0.051/1.344/0.03/0.03 kg/10^3 m3 fuel; BC=PM2.5*0.384.,,,National Air Pollutant Emissions Estimation Method Handbook VII,comm cooling / electricity|comm cooling / gas,Convert EJ to 10^3 m3 LNG; cooling technology remains a proxy.
comm heating,biomass,EJ,Korean wood boiler PM2.5/SOx/NOx/VOC/NH3/CO/TSP/PM10=0.003647/0.000150/0.001417/0.047780/0.000013/0.146742/0.012192/0.005813 kg/kg wood; pellet boiler=0.002632/0.000183/0.011917/0.048750/0.000020/0.156973/0.004725/0.003405 kg/kg pellet; BC=0.00095 kg/kg wood-boiler fuel and 0.00031 kg/kg pellet-boiler fuel.,,,National Air Pollutant Emissions Estimation Method Handbook VII | Emission Characteristics of Air Pollutants from Domestic Wood Combustion,comm heating / biomass|comm heating / coal|comm heating / gas|comm heating / refined liquids,Convert EJ to fuel mass and weight wood versus pellet.
comm heating,electricity,EJ,NOT APPLICABLE: no direct on-site criteria-pollutant EF; upstream emissions belong to the supplying fuel/electricity sector.,,,National Air Pollutant Emissions Estimation Method Handbook VII,comm heating / biomass|comm heating / coal|comm heating / gas|comm heating / refined liquids,Purchased electricity; power-sector factors carry upstream emissions.
comm heating,gas,EJ,CAPSS LNG combustion PM2.5/SOx/NOx/VOC/NH3/CO/TSP/PM10=0.03/0.01/3.7/0.18/0.051/1.344/0.03/0.03 kg/10^3 m3 fuel; BC=PM2.5*0.384.,,,National Air Pollutant Emissions Estimation Method Handbook VII,comm heating / biomass|comm heating / coal|comm heating / gas|comm heating / refined liquids,Convert EJ to 10^3 m3 LNG; cooling technology remains a proxy.
comm heating,refined liquids,EJ,CAPSS B-C oil combustion PM2.5/SOx/NOx/VOC/NH3/CO/TSP/PM10=(0.57715S+0.19066)/14.3S/6.64/0.13/0.10/0.60/(1.1S+0.39)/(0.80801S+0.27005) kg/kL fuel; retain S symbol until sulfur content is joined; B-C-oil BC=PM2.5*0.01.,,,National Air Pollutant Emissions Estimation Method Handbook VII,comm heating / biomass|comm heating / coal|comm heating / gas|comm heating / refined liquids,Convert EJ to kL and supply sulfur content.
comm others,n/a (bundled - no separate GCAM-KAIST end-use),EJ,Fuel-specific set: CAPSS bituminous-coal combustion PM2.5/SOx/NOx/VOC/NH3/CO/TSP/PM10=10.1409/19S/5.55/0.03/0.00028/0.25/50/29.1 kg/ton fuel (manufacturing; S=fuel sulfur mass fraction in CAPSS convention); BC=PM2.5*0.018766. CAPSS LNG combustion PM2.5/SOx/NOx/VOC/NH3/CO/TSP/PM10=0.03/0.01/3.7/0.18/0.051/1.344/0.03/0.03 kg/10^3 m3 fuel; BC=PM2.5*0.384. CAPSS B-C oil combustion PM2.5/SOx/NOx/VOC/NH3/CO/TSP/PM10=(0.57715S+0.19066)/14.3S/6.64/0.13/0.10/0.60/(1.1S+0.39)/(0.80801S+0.27005) kg/kL fuel; retain S symbol until sulfur content is joined; B-C-oil BC=PM2.5*0.01.,,,National Air Pollutant Emissions Estimation Method Handbook VII,comm cooking / gas|comm hot water / gas|comm hot water / refined liquids|comm other / gas|comm other / refined liquids,Bundled end use requires GCAM fuel shares; no unweighted scalar is defensible.
elec_biomass (IGCC),biomass (IGCC),EJ|km^3,GAP: no defensible Korea-specific criteria-pollutant EF located for this exact GCAM-KAIST process/technology; do not substitute zero.,,,National Air Pollutant Emissions Estimation Method Handbook VII,base load generation / biomass|intermediate generation / biomass,No Korean biomass-IGCC criteria-pollutant factor was located.
elec_biomass (conv),biomass (conv),EJ|km^3,Korean wood boiler PM2.5/SOx/NOx/VOC/NH3/CO/TSP/PM10=0.003647/0.000150/0.001417/0.047780/0.000013/0.146742/0.012192/0.005813 kg/kg wood; pellet boiler=0.002632/0.000183/0.011917/0.048750/0.000020/0.156973/0.004725/0.003405 kg/kg pellet; BC=0.00095 kg/kg wood-boiler fuel and 0.00031 kg/kg pellet-boiler fuel.,,,National Air Pollutant Emissions Estimation Method Handbook VII | Emission Characteristics of Air Pollutants from Domestic Wood Combustion,base load generation / biomass|intermediate generation / biomass,"Korean measured boiler factor, but plant-scale power boiler and fuel-mixture validation remain required."
elec_coal (conv pul),coal (conv pul),EJ|km^3,2022 Korean coal-fleet output factors NOx/SOx/TSP=0.10209/0.11022/0.008219 kg/MWh (ratio of sums across 14 complexes). 2017 official national factors: NOx/SOx/TSP/PM2.5=0.291/0.258/0.013/0.120 kg/MWh.,,,"Lee et al., Impacts of the Korean Coal-to-LNG Power Plant Transition on Regional PM2.5 Concentration | MOTIE clarification: LNG reduces air pollutants relative to coal generation | Yu et al., Comparison of PMtotal, PM10, PM2.5, NOx, and SO2 Emission Factors from Coal-fired Power Plants per Load Change",base load generation / coal|intermediate generation / coal|peak generation / coal|subpeak generation / coal,Use the same-year fleet factor when possible; values are controlled-stack/fleet evidence.
elec_gas (CC CCS),gas (CC CCS),EJ|km^3,"Official 2017 Korean gas-fleet NOx=0.171 and PM2.5=0.015 kg/MWh; SOx and TSP are unreported, not zero. CAPSS gas-turbine input set: PM2.5/SOx/NOx/VOC/NH3/CO/TSP/PM10=0.036/0.01/6.04/0.21/0.051/1.55/0.036/0.036 kg/10^3 m3 LNG.",,,MOTIE clarification: LNG reduces air pollutants relative to coal generation | National Air Pollutant Emissions Estimation Method Handbook VII,backup_electricity / gas|base load generation / gas|csp_backup / gas|intermediate generation / gas|peak generation / gas|subpeak generation / gas,National gas-fleet factor is not technology-specific. No Korean CCS-specific criteria-pollutant adjustment was located.
elec_gas (CC),gas (CC),EJ|km^3,"Official 2017 Korean gas-fleet NOx=0.171 and PM2.5=0.015 kg/MWh; SOx and TSP are unreported, not zero. CAPSS gas-turbine input set: PM2.5/SOx/NOx/VOC/NH3/CO/TSP/PM10=0.036/0.01/6.04/0.21/0.051/1.55/0.036/0.036 kg/10^3 m3 LNG.",,,MOTIE clarification: LNG reduces air pollutants relative to coal generation | National Air Pollutant Emissions Estimation Method Handbook VII,backup_electricity / gas|base load generation / gas|csp_backup / gas|intermediate generation / gas|peak generation / gas|subpeak generation / gas,National gas-fleet factor is not technology-specific.
elec_gas (steam/CT),gas (steam/CT),EJ|km^3,"Official 2017 Korean gas-fleet NOx=0.171 and PM2.5=0.015 kg/MWh; SOx and TSP are unreported, not zero. CAPSS gas-turbine input set: PM2.5/SOx/NOx/VOC/NH3/CO/TSP/PM10=0.036/0.01/6.04/0.21/0.051/1.55/0.036/0.036 kg/10^3 m3 LNG.",,,MOTIE clarification: LNG reduces air pollutants relative to coal generation | National Air Pollutant Emissions Estimation Method Handbook VII,backup_electricity / gas|base load generation / gas|csp_backup / gas|intermediate generation / gas|peak generation / gas|subpeak generation / gas,National gas-fleet factor is not technology-specific.
elec_refined liquids (steam/CT),refined liquids (steam/CT),EJ|km^3,"Korean oil-generation 2015-2017 ranges SOx=1.264-1.367, NOx=0.711-0.727, TSP=0.018-0.023, PM2.5=0.506-0.544 kg/MWh.",,,"Seo et al., Environmental Improvement Effect and Social Benefit: Focusing on Bio-Heavy Oil Power Generation",base load generation / refined liquids|intermediate generation / refined liquids|peak generation / refined liquids|subpeak generation / refined liquids,Anonymized controlled oil unit; select year/technology explicitly.
electricity,coal,EJ,NOT APPLICABLE: no direct on-site criteria-pollutant EF; upstream emissions belong to the supplying fuel/electricity sector.,,,National Air Pollutant Emissions Estimation Method Handbook VII,coal / coal,Accounting/intermediate electricity row; avoid double counting elec_* generation.
gas pipeline,gas pipeline,EJ,GAP: no defensible Korea-specific criteria-pollutant EF located for this exact GCAM-KAIST process/technology; do not substitute zero.,,,National Air Pollutant Emissions Estimation Method Handbook VII,gas pipeline / gas pipeline,CAPSS has related fuel-production categories but no denominator-compatible Korean factor for this GCAM process.
gas processing,biomass gasification,EJ,GAP: no defensible Korea-specific criteria-pollutant EF located for this exact GCAM-KAIST process/technology; do not substitute zero.,,,National Air Pollutant Emissions Estimation Method Handbook VII,gas processing / biomass gasification|gas processing / coal gasification,CAPSS has related fuel-production categories but no denominator-compatible Korean factor for this GCAM process.
gas processing,coal gasification,EJ,GAP: no defensible Korea-specific criteria-pollutant EF located for this exact GCAM-KAIST process/technology; do not substitute zero.,,,National Air Pollutant Emissions Estimation Method Handbook VII,gas processing / biomass gasification|gas processing / coal gasification,CAPSS has related fuel-production categories but no denominator-compatible Korean factor for this GCAM process.
gas processing,natural gas,EJ,GAP: no defensible Korea-specific criteria-pollutant EF located for this exact GCAM-KAIST process/technology; do not substitute zero.,,,National Air Pollutant Emissions Estimation Method Handbook VII,gas processing / biomass gasification|gas processing / coal gasification,CAPSS has related fuel-production categories but no denominator-compatible Korean factor for this GCAM process.
industrial processes,Al_Mg,,GAP: no defensible Korea-specific criteria-pollutant EF located for this exact GCAM-KAIST process/technology; do not substitute zero.,,,National Air Pollutant Emissions Estimation Method Handbook VII,industrial processes / other industrial processes|industrial processes / solvents,No exact Korean criteria-pollutant factor and denominator were located for this aggregate process.
industrial processes,HCFC_22_Prod,,NOT APPLICABLE: no direct on-site criteria-pollutant EF; upstream emissions belong to the supplying fuel/electricity sector.,,,National Air Pollutant Emissions Estimation Method Handbook VII,industrial processes / other industrial processes|industrial processes / solvents,GCAM row is primarily a greenhouse-gas process; no direct criteria factor is assigned.
industrial processes,adipic acid,,NOT APPLICABLE: no direct on-site criteria-pollutant EF; upstream emissions belong to the supplying fuel/electricity sector.,,,National Air Pollutant Emissions Estimation Method Handbook VII,industrial processes / other industrial processes|industrial processes / solvents,GCAM row is primarily a greenhouse-gas process; no direct criteria factor is assigned.
industrial processes,foams,,NOT APPLICABLE: no direct on-site criteria-pollutant EF; upstream emissions belong to the supplying fuel/electricity sector.,,,National Air Pollutant Emissions Estimation Method Handbook VII,industrial processes / other industrial processes|industrial processes / solvents,GCAM row is primarily a greenhouse-gas process; no direct criteria factor is assigned.
industrial processes,nitric acid,,NOx=15.2 kg/ton nitric acid.,,,National Air Pollutant Emissions Estimation Method Handbook VII,industrial processes / other industrial processes|industrial processes / solvents,Target activity denominator is missing; join only to nitric-acid product mass.
industrial processes,other industrial processes,,GAP: no defensible Korea-specific criteria-pollutant EF located for this exact GCAM-KAIST process/technology; do not substitute zero.,,,National Air Pollutant Emissions Estimation Method Handbook VII,industrial processes / other industrial processes|industrial processes / solvents,No exact Korean criteria-pollutant factor and denominator were located for this aggregate process.
industrial processes,semiconductors,,VOC=39.463 kg/employee-year for electronic-component cleaning.,,,National Air Pollutant Emissions Estimation Method Handbook VII,industrial processes / other industrial processes|industrial processes / solvents,"Employment factor is a CAPSS subcategory proxy, not a process-output factor."
industrial processes,solvents,,Household/commercial solvent VOC=2.64 kg/person-year.,,,National Air Pollutant Emissions Estimation Method Handbook VII,industrial processes / other industrial processes|industrial processes / solvents,Generic GCAM process lacks population or solvent-use activity and must not absorb all solvent emissions.
n/a (identified via technology),crude oil,EJ,GAP: no defensible Korea-specific criteria-pollutant EF located for this exact GCAM-KAIST process/technology; do not substitute zero.,,,National Air Pollutant Emissions Estimation Method Handbook VII,crude oil / crude oil,Extraction technology is not identified at this row; retain fugitive/mining emissions as an explicit gap.
n/a (identified via technology),natural gas,EJ,GAP: no defensible Korea-specific criteria-pollutant EF located for this exact GCAM-KAIST process/technology; do not substitute zero.,,,National Air Pollutant Emissions Estimation Method Handbook VII,natural gas / natural gas,Extraction technology is not identified at this row; retain fugitive/mining emissions as an explicit gap.
nuclearFuelGenII,enrichedUranium,EJ|Mt|km^3,NOT APPLICABLE: no direct on-site criteria-pollutant EF; upstream emissions belong to the supplying fuel/electricity sector.,,,National Air Pollutant Emissions Estimation Method Handbook VII,nuclearFuelGenII / enrichedUranium,Fuel-cycle activity has no direct Korean criteria EF at the modeled boundary.
nuclearFuelGenIII,enrichedUranium,EJ|Mt|km^3,NOT APPLICABLE: no direct on-site criteria-pollutant EF; upstream emissions belong to the supplying fuel/electricity sector.,,,National Air Pollutant Emissions Estimation Method Handbook VII,nuclearFuelGenIII / enrichedUranium,Fuel-cycle activity has no direct Korean criteria EF at the modeled boundary.
other industrial energy use,biomass,EJ,Korean wood boiler PM2.5/SOx/NOx/VOC/NH3/CO/TSP/PM10=0.003647/0.000150/0.001417/0.047780/0.000013/0.146742/0.012192/0.005813 kg/kg wood; pellet boiler=0.002632/0.000183/0.011917/0.048750/0.000020/0.156973/0.004725/0.003405 kg/kg pellet; BC=0.00095 kg/kg wood-boiler fuel and 0.00031 kg/kg pellet-boiler fuel.,,,National Air Pollutant Emissions Estimation Method Handbook VII | Emission Characteristics of Air Pollutants from Domestic Wood Combustion,other industrial energy use / biomass|other industrial energy use / coal|other industrial energy use / gas|other industrial energy use / refined liquids,Convert EJ to fuel mass and weight wood/pellet.
other industrial energy use,coal,EJ,CAPSS bituminous-coal combustion PM2.5/SOx/NOx/VOC/NH3/CO/TSP/PM10=10.1409/19S/5.55/0.03/0.00028/0.25/50/29.1 kg/ton fuel (manufacturing; S=fuel sulfur mass fraction in CAPSS convention); BC=PM2.5*0.018766.,,,National Air Pollutant Emissions Estimation Method Handbook VII,other industrial energy use / biomass|other industrial energy use / coal|other industrial energy use / gas|other industrial energy use / refined liquids,Convert EJ to tonnes and weight controls/coal grades.
other industrial energy use,electricity,EJ,NOT APPLICABLE: no direct on-site criteria-pollutant EF; upstream emissions belong to the supplying fuel/electricity sector.,,,National Air Pollutant Emissions Estimation Method Handbook VII,other industrial energy use / biomass|other industrial energy use / coal|other industrial energy use / gas|other industrial energy use / refined liquids,Purchased electricity; power-sector factors carry upstream emissions.
other industrial energy use,gas,EJ,CAPSS LNG combustion PM2.5/SOx/NOx/VOC/NH3/CO/TSP/PM10=0.03/0.01/3.7/0.18/0.051/1.344/0.03/0.03 kg/10^3 m3 fuel; BC=PM2.5*0.384.,,,National Air Pollutant Emissions Estimation Method Handbook VII,other industrial energy use / biomass|other industrial energy use / coal|other industrial energy use / gas|other industrial energy use / refined liquids,Convert EJ to 10^3 m3 LNG.
other industrial energy use,hydrogen,EJ,NOT APPLICABLE: no direct on-site criteria-pollutant EF; upstream emissions belong to the supplying fuel/electricity sector.,,,National Air Pollutant Emissions Estimation Method Handbook VII,other industrial energy use / biomass|other industrial energy use / coal|other industrial energy use / gas|other industrial energy use / refined liquids,End-use hydrogen has no direct criteria emissions absent combustion technology evidence.
other industrial energy use,refined liquids,EJ,CAPSS B-C oil combustion PM2.5/SOx/NOx/VOC/NH3/CO/TSP/PM10=(0.57715S+0.19066)/14.3S/6.64/0.13/0.10/0.60/(1.1S+0.39)/(0.80801S+0.27005) kg/kL fuel; retain S symbol until sulfur content is joined; B-C-oil BC=PM2.5*0.01.,,,National Air Pollutant Emissions Estimation Method Handbook VII,other industrial energy use / biomass|other industrial energy use / coal|other industrial energy use / gas|other industrial energy use / refined liquids,Convert EJ to kL and supply sulfur content.
other industrial feedstocks,refined liquids,EJ,GAP: no defensible Korea-specific criteria-pollutant EF located for this exact GCAM-KAIST process/technology; do not substitute zero.,,,National Air Pollutant Emissions Estimation Method Handbook VII,other industrial feedstocks / gas,Feedstock use is not combustion; process-specific release fractions are required.
process heat cement,biomass,EJ,Korean wood boiler PM2.5/SOx/NOx/VOC/NH3/CO/TSP/PM10=0.003647/0.000150/0.001417/0.047780/0.000013/0.146742/0.012192/0.005813 kg/kg wood; pellet boiler=0.002632/0.000183/0.011917/0.048750/0.000020/0.156973/0.004725/0.003405 kg/kg pellet; BC=0.00095 kg/kg wood-boiler fuel and 0.00031 kg/kg pellet-boiler fuel.,,,National Air Pollutant Emissions Estimation Method Handbook VII | Emission Characteristics of Air Pollutants from Domestic Wood Combustion,process heat cement / biomass|process heat cement / coal|process heat cement / gas|process heat cement / refined liquids,Fuel-combustion proxy; convert EJ to the source denominator and apply kiln controls.
process heat cement,coal,EJ,CAPSS bituminous-coal combustion PM2.5/SOx/NOx/VOC/NH3/CO/TSP/PM10=10.1409/19S/5.55/0.03/0.00028/0.25/50/29.1 kg/ton fuel (manufacturing; S=fuel sulfur mass fraction in CAPSS convention); BC=PM2.5*0.018766.,,,National Air Pollutant Emissions Estimation Method Handbook VII,process heat cement / biomass|process heat cement / coal|process heat cement / gas|process heat cement / refined liquids,Fuel-combustion proxy; convert EJ to the source denominator and apply kiln controls.
process heat cement,gas,EJ,CAPSS LNG combustion PM2.5/SOx/NOx/VOC/NH3/CO/TSP/PM10=0.03/0.01/3.7/0.18/0.051/1.344/0.03/0.03 kg/10^3 m3 fuel; BC=PM2.5*0.384.,,,National Air Pollutant Emissions Estimation Method Handbook VII,process heat cement / biomass|process heat cement / coal|process heat cement / gas|process heat cement / refined liquids,Fuel-combustion proxy; convert EJ to the source denominator and apply kiln controls.
process heat cement,hydrogen,EJ,GAP: no defensible Korea-specific criteria-pollutant EF located for this exact GCAM-KAIST process/technology; do not substitute zero.,,,National Air Pollutant Emissions Estimation Method Handbook VII,process heat cement / biomass|process heat cement / coal|process heat cement / gas|process heat cement / refined liquids,No Korean cement-kiln hydrogen criteria-pollutant EF was located.
process heat cement,refined liquids,EJ,CAPSS B-C oil combustion PM2.5/SOx/NOx/VOC/NH3/CO/TSP/PM10=(0.57715S+0.19066)/14.3S/6.64/0.13/0.10/0.60/(1.1S+0.39)/(0.80801S+0.27005) kg/kL fuel; retain S symbol until sulfur content is joined; B-C-oil BC=PM2.5*0.01.,,,National Air Pollutant Emissions Estimation Method Handbook VII,process heat cement / biomass|process heat cement / coal|process heat cement / gas|process heat cement / refined liquids,Fuel-combustion proxy; convert EJ to the source denominator and apply kiln controls.
process heat dac,gas CCS,EJ,GAP: no defensible Korea-specific criteria-pollutant EF located for this exact GCAM-KAIST process/technology; do not substitute zero.,,,National Air Pollutant Emissions Estimation Method Handbook VII,process heat dac / process heat dac,No operating Korean gas-CCS DAC criteria-pollutant EF was located.
refining,biomass liquids,EJ,GAP: no defensible Korea-specific criteria-pollutant EF located for this exact GCAM-KAIST process/technology; do not substitute zero.,,,National Air Pollutant Emissions Estimation Method Handbook VII,biomass liquids / biomass liquids,"No Korean biomass-to-liquids, coal-to-liquids, or gas-to-liquids criteria EF was located."
refining,coal to liquids,EJ,GAP: no defensible Korea-specific criteria-pollutant EF located for this exact GCAM-KAIST process/technology; do not substitute zero.,,,National Air Pollutant Emissions Estimation Method Handbook VII,coal to liquids / coal to liquids,"No Korean biomass-to-liquids, coal-to-liquids, or gas-to-liquids criteria EF was located."
refining,gas to liquids,EJ,GAP: no defensible Korea-specific criteria-pollutant EF located for this exact GCAM-KAIST process/technology; do not substitute zero.,,,National Air Pollutant Emissions Estimation Method Handbook VII,gas to liquids / gas to liquids,"No Korean biomass-to-liquids, coal-to-liquids, or gas-to-liquids criteria EF was located."
refining,oil refining,EJ,Petroleum processing PM2.5/SOx/NOx/NH3/CO/TSP/PM10=0.001726/0.211435/0.030205/0.000949/0.035383/0.005178/0.004315 kg/kL feed; storage/handling VOC=0.09493 kg/kL.,,,National Air Pollutant Emissions Estimation Method Handbook VII,oil refining / oil refining,Convert GCAM EJ to refinery throughput; keep processing and storage boundaries separate.
regional biomass,regional biomass,EJ,NOT APPLICABLE: no direct on-site criteria-pollutant EF; upstream emissions belong to the supplying fuel/electricity sector.,,,National Air Pollutant Emissions Estimation Method Handbook VII,regional biomass / regional biomass,"Regional commodity-market accounting row; direct production, conversion, transport, and handling emissions stay with their physical process rows."
regional biomassOil,regional biomassOil,EJ|Mt,NOT APPLICABLE: no direct on-site criteria-pollutant EF; upstream emissions belong to the supplying fuel/electricity sector.,,,National Air Pollutant Emissions Estimation Method Handbook VII,regional biomassOil / regional biomassOil,"Regional commodity-market accounting row; direct production, conversion, transport, and handling emissions stay with their physical process rows."
regional coal,domestic coal,EJ|km^3,NOT APPLICABLE: no direct on-site criteria-pollutant EF; upstream emissions belong to the supplying fuel/electricity sector.,,,National Air Pollutant Emissions Estimation Method Handbook VII,regional coal / domestic coal|regional coal / imported coal|regional coal / regional coal,"Regional commodity-market accounting row; direct production, conversion, transport, and handling emissions stay with their physical process rows."
regional coal,imported coal,EJ|km^3,NOT APPLICABLE: no direct on-site criteria-pollutant EF; upstream emissions belong to the supplying fuel/electricity sector.,,,National Air Pollutant Emissions Estimation Method Handbook VII,regional coal / domestic coal|regional coal / imported coal|regional coal / regional coal,"Regional commodity-market accounting row; direct production, conversion, transport, and handling emissions stay with their physical process rows."
regional corn for ethanol,regional corn for ethanol,EJ|Mt,NOT APPLICABLE: no direct on-site criteria-pollutant EF; upstream emissions belong to the supplying fuel/electricity sector.,,,National Air Pollutant Emissions Estimation Method Handbook VII,regional corn for ethanol / regional corn for ethanol,"Regional commodity-market accounting row; direct production, conversion, transport, and handling emissions stay with their physical process rows."
regional natural gas,domestic natural gas,EJ,NOT APPLICABLE: no direct on-site criteria-pollutant EF; upstream emissions belong to the supplying fuel/electricity sector.,,,National Air Pollutant Emissions Estimation Method Handbook VII,regional natural gas / domestic natural gas|regional natural gas / imported natural gas|regional natural gas / regional natural gas,"Regional commodity-market accounting row; direct production, conversion, transport, and handling emissions stay with their physical process rows."
regional natural gas,imported LNG,EJ,NOT APPLICABLE: no direct on-site criteria-pollutant EF; upstream emissions belong to the supplying fuel/electricity sector.,,,National Air Pollutant Emissions Estimation Method Handbook VII,regional natural gas / domestic natural gas|regional natural gas / imported natural gas|regional natural gas / regional natural gas,"Regional commodity-market accounting row; direct production, conversion, transport, and handling emissions stay with their physical process rows."
regional natural gas,imported pipeline gas,EJ,NOT APPLICABLE: no direct on-site criteria-pollutant EF; upstream emissions belong to the supplying fuel/electricity sector.,,,National Air Pollutant Emissions Estimation Method Handbook VII,regional natural gas / domestic natural gas|regional natural gas / imported natural gas|regional natural gas / regional natural gas,"Regional commodity-market accounting row; direct production, conversion, transport, and handling emissions stay with their physical process rows."
regional oil,domestic crude oil,EJ|km^3,NOT APPLICABLE: no direct on-site criteria-pollutant EF; upstream emissions belong to the supplying fuel/electricity sector.,,,National Air Pollutant Emissions Estimation Method Handbook VII,regional oil / crude oil|regional oil / domestic crude oil|regional oil / imported crude oil,"Regional commodity-market accounting row; direct production, conversion, transport, and handling emissions stay with their physical process rows."
regional oil,imported crude oil,EJ|km^3,NOT APPLICABLE: no direct on-site criteria-pollutant EF; upstream emissions belong to the supplying fuel/electricity sector.,,,National Air Pollutant Emissions Estimation Method Handbook VII,regional oil / crude oil|regional oil / domestic crude oil|regional oil / imported crude oil,"Regional commodity-market accounting row; direct production, conversion, transport, and handling emissions stay with their physical process rows."
resid cooling,modern,EJ,NOT APPLICABLE: no direct on-site criteria-pollutant EF; upstream emissions belong to the supplying fuel/electricity sector.,,,National Air Pollutant Emissions Estimation Method Handbook VII,resid cooling / electricity,Modern residential cooling is electricity-only at the direct-emissions boundary.
resid heating,TradBio,EJ,Korean wood boiler PM2.5/SOx/NOx/VOC/NH3/CO/TSP/PM10=0.003647/0.000150/0.001417/0.047780/0.000013/0.146742/0.012192/0.005813 kg/kg wood; pellet boiler=0.002632/0.000183/0.011917/0.048750/0.000020/0.156973/0.004725/0.003405 kg/kg pellet; BC=0.00095 kg/kg wood-boiler fuel and 0.00031 kg/kg pellet-boiler fuel.,,,National Air Pollutant Emissions Estimation Method Handbook VII | Emission Characteristics of Air Pollutants from Domestic Wood Combustion,resid heating / biomass,Convert EJ to wood/pellet mass and weight appliance types.
resid heating,coal,EJ,CAPSS bituminous-coal combustion PM2.5/SOx/NOx/VOC/NH3/CO/TSP/PM10=10.1409/19S/5.55/0.03/0.00028/0.25/50/29.1 kg/ton fuel (manufacturing; S=fuel sulfur mass fraction in CAPSS convention); BC=PM2.5*0.018766.,,,National Air Pollutant Emissions Estimation Method Handbook VII,resid heating / coal,Convert EJ to tonnes and match residential coal grade.
resid heating,modern,EJ,Bundled fuel set: Korean wood boiler PM2.5/SOx/NOx/VOC/NH3/CO/TSP/PM10=0.003647/0.000150/0.001417/0.047780/0.000013/0.146742/0.012192/0.005813 kg/kg wood; pellet boiler=0.002632/0.000183/0.011917/0.048750/0.000020/0.156973/0.004725/0.003405 kg/kg pellet; BC=0.00095 kg/kg wood-boiler fuel and 0.00031 kg/kg pellet-boiler fuel. CAPSS LNG combustion PM2.5/SOx/NOx/VOC/NH3/CO/TSP/PM10=0.03/0.01/3.7/0.18/0.051/1.344/0.03/0.03 kg/10^3 m3 fuel; BC=PM2.5*0.384. CAPSS B-C oil combustion PM2.5/SOx/NOx/VOC/NH3/CO/TSP/PM10=(0.57715S+0.19066)/14.3S/6.64/0.13/0.10/0.60/(1.1S+0.39)/(0.80801S+0.27005) kg/kL fuel; retain S symbol until sulfur content is joined; B-C-oil BC=PM2.5*0.01.,,,National Air Pollutant Emissions Estimation Method Handbook VII | Emission Characteristics of Air Pollutants from Domestic Wood Combustion,resid heating / gas|resid heating / refined liquids,Modern/bundled end use requires fuel and appliance shares.
resid others,n/a (bundled - no separate GCAM-KAIST end-use),EJ,Bundled fuel set: Korean wood boiler PM2.5/SOx/NOx/VOC/NH3/CO/TSP/PM10=0.003647/0.000150/0.001417/0.047780/0.000013/0.146742/0.012192/0.005813 kg/kg wood; pellet boiler=0.002632/0.000183/0.011917/0.048750/0.000020/0.156973/0.004725/0.003405 kg/kg pellet; BC=0.00095 kg/kg wood-boiler fuel and 0.00031 kg/kg pellet-boiler fuel. CAPSS LNG combustion PM2.5/SOx/NOx/VOC/NH3/CO/TSP/PM10=0.03/0.01/3.7/0.18/0.051/1.344/0.03/0.03 kg/10^3 m3 fuel; BC=PM2.5*0.384. CAPSS B-C oil combustion PM2.5/SOx/NOx/VOC/NH3/CO/TSP/PM10=(0.57715S+0.19066)/14.3S/6.64/0.13/0.10/0.60/(1.1S+0.39)/(0.80801S+0.27005) kg/kL fuel; retain S symbol until sulfur content is joined; B-C-oil BC=PM2.5*0.01.,,,National Air Pollutant Emissions Estimation Method Handbook VII | Emission Characteristics of Air Pollutants from Domestic Wood Combustion,resid clothes dryers / gas|resid cooking / gas|resid cooking / refined liquids|resid hot water / gas|resid hot water / refined liquids|resid other / gas|resid other / refined liquids,Modern/bundled end use requires fuel and appliance shares.
trn_aviation_intl,International Aviation,EJ|billion pass-km,"CAPSS 2022 landing/takeoff-cycle factors by 28 aircraft types: PM2.5/TSP/PM10=0.0358-1.1656, SOx=0.6916-4.3697, NOx=5.6804-70.8692, VOC=0.0691-26.3762, CO=0.7127-91.7297 kg/LTO; NH3 unavailable.",,,National Air Pollutant Emissions Estimation Method Handbook VII,trn_aviation_intl / International Aviation,Requires Korean aircraft-type LTO counts; GCAM passenger-km cannot directly multiply kg/LTO.
trn_freight,Domestic Ship,EJ|billion ton-km,"Cargo ship, kg/ton fuel: diesel PM2.5/SOx/NOx/VOC/NH3/CO/TSP/PM10=1.4/20S/78.5/2.8/0.007/7.4/1.5/1.5; heavy oil=5.6/20S/79.3/2.7/0.007/7.4/6.2/6.2.",,,National Air Pollutant Emissions Estimation Method Handbook VII,trn_freight / Domestic Ship|trn_freight / Freight Rail,"Requires fuel use, sulfur content, and fuel shares; ton-km is not the factor denominator."
trn_freight,Freight Rail,EJ|billion ton-km,Diesel locomotive PM2.5/SOx/NOx/VOC/NH3/CO/TSP/PM10=3.827/1.64/64.36/10.66/0.11/26.36/4.16/4.16 kg/kL diesel; electric traction has no direct EF.,,,National Air Pollutant Emissions Estimation Method Handbook VII,trn_freight / Domestic Ship|trn_freight / Freight Rail,Requires diesel consumption and diesel/electric traction shares.
trn_freight,road,billion ton-km,"CAPSS VII Appendix I tailpipe EF equations, g/vehicle-km, parameterized by pollutant, vehicle class, fuel, model year and speed V; calculate the annual factor by Korean fleet/speed weighting. PM10-to-PM2.5 and BC fractions must use the appendix's pollutant-specific rules.",,,National Air Pollutant Emissions Estimation Method Handbook VII | CAPSS road non-exhaust method update announcement,trn_freight / Domestic Ship|trn_freight / Freight Rail,"GCAM passenger/ton-km requires occupancy/payload, fleet, speed, fuel and model-year weights."
trn_freight_road,Medium truck,EJ|billion ton-km,"CAPSS VII Appendix I tailpipe EF equations, g/vehicle-km, parameterized by pollutant, vehicle class, fuel, model year and speed V; calculate the annual factor by Korean fleet/speed weighting. PM10-to-PM2.5 and BC fractions must use the appendix's pollutant-specific rules.",,,National Air Pollutant Emissions Estimation Method Handbook VII | CAPSS road non-exhaust method update announcement,trn_freight_road / Heavy truck|trn_freight_road / Light truck|trn_freight_road / Medium truck|trn_freight_road / Truck (0-2.7t)|trn_freight_road / Truck (2.7-4.5t)|trn_freight_road / Truck (4.5-12t)|trn_freight_road / Truck (>12t),"GCAM passenger/ton-km requires occupancy/payload, fleet, speed, fuel and model-year weights."
trn_pass,Cycle,EJ|billion pass-km,NOT APPLICABLE: no direct on-site criteria-pollutant EF; upstream emissions belong to the supplying fuel/electricity sector.,,,National Air Pollutant Emissions Estimation Method Handbook VII,trn_pass / Domestic Aviation|trn_pass / Passenger Rail,Human-powered or electric traction; upstream electricity remains in power.
trn_pass,Domestic Aviation,EJ|billion pass-km,"CAPSS 2022 landing/takeoff-cycle factors by 28 aircraft types: PM2.5/TSP/PM10=0.0358-1.1656, SOx=0.6916-4.3697, NOx=5.6804-70.8692, VOC=0.0691-26.3762, CO=0.7127-91.7297 kg/LTO; NH3 unavailable.",,,National Air Pollutant Emissions Estimation Method Handbook VII,trn_pass / Domestic Aviation|trn_pass / Passenger Rail,Requires Korean aircraft-type LTO counts; GCAM passenger-km cannot directly multiply kg/LTO.
trn_pass,HSR,EJ|billion pass-km,NOT APPLICABLE: no direct on-site criteria-pollutant EF; upstream emissions belong to the supplying fuel/electricity sector.,,,National Air Pollutant Emissions Estimation Method Handbook VII,trn_pass / Domestic Aviation|trn_pass / Passenger Rail,Human-powered or electric traction; upstream electricity remains in power.
trn_pass,Passenger Rail,EJ|billion pass-km,Diesel locomotive PM2.5/SOx/NOx/VOC/NH3/CO/TSP/PM10=3.827/1.64/64.36/10.66/0.11/26.36/4.16/4.16 kg/kL diesel; electric traction has no direct EF.,,,National Air Pollutant Emissions Estimation Method Handbook VII,trn_pass / Domestic Aviation|trn_pass / Passenger Rail,Requires diesel consumption and diesel/electric traction shares.
trn_pass,Walk,EJ|billion pass-km,NOT APPLICABLE: no direct on-site criteria-pollutant EF; upstream emissions belong to the supplying fuel/electricity sector.,,,National Air Pollutant Emissions Estimation Method Handbook VII,trn_pass / Domestic Aviation|trn_pass / Passenger Rail,Human-powered or electric traction; upstream electricity remains in power.
trn_pass,road,billion pass-km,"CAPSS VII Appendix I tailpipe EF equations, g/vehicle-km, parameterized by pollutant, vehicle class, fuel, model year and speed V; calculate the annual factor by Korean fleet/speed weighting. PM10-to-PM2.5 and BC fractions must use the appendix's pollutant-specific rules.",,,National Air Pollutant Emissions Estimation Method Handbook VII | CAPSS road non-exhaust method update announcement,trn_pass / Domestic Aviation|trn_pass / Passenger Rail,"GCAM passenger/ton-km requires occupancy/payload, fleet, speed, fuel and model-year weights."
trn_pass_road,Bus,EJ|billion pass-km,"CAPSS VII Appendix I tailpipe EF equations, g/vehicle-km, parameterized by pollutant, vehicle class, fuel, model year and speed V; calculate the annual factor by Korean fleet/speed weighting. PM10-to-PM2.5 and BC fractions must use the appendix's pollutant-specific rules.",,,National Air Pollutant Emissions Estimation Method Handbook VII | CAPSS road non-exhaust method update announcement,trn_pass_road / Bus,"GCAM passenger/ton-km requires occupancy/payload, fleet, speed, fuel and model-year weights."
trn_pass_road,LDV,billion pass-km,"CAPSS VII Appendix I tailpipe EF equations, g/vehicle-km, parameterized by pollutant, vehicle class, fuel, model year and speed V; calculate the annual factor by Korean fleet/speed weighting. PM10-to-PM2.5 and BC fractions must use the appendix's pollutant-specific rules.",,,National Air Pollutant Emissions Estimation Method Handbook VII | CAPSS road non-exhaust method update announcement,trn_pass_road / Bus,"GCAM passenger/ton-km requires occupancy/payload, fleet, speed, fuel and model-year weights."
trn_pass_road_LDV,2W and 3W,EJ|billion pass-km,"CAPSS VII Appendix I tailpipe EF equations, g/vehicle-km, parameterized by pollutant, vehicle class, fuel, model year and speed V; calculate the annual factor by Korean fleet/speed weighting. PM10-to-PM2.5 and BC fractions must use the appendix's pollutant-specific rules.",,,National Air Pollutant Emissions Estimation Method Handbook VII | CAPSS road non-exhaust method update announcement,trn_pass_road_LDV / 2W and 3W,"GCAM passenger/ton-km requires occupancy/payload, fleet, speed, fuel and model-year weights."
trn_pass_road_LDV,4W,billion pass-km,"CAPSS VII Appendix I tailpipe EF equations, g/vehicle-km, parameterized by pollutant, vehicle class, fuel, model year and speed V; calculate the annual factor by Korean fleet/speed weighting. PM10-to-PM2.5 and BC fractions must use the appendix's pollutant-specific rules.",,,National Air Pollutant Emissions Estimation Method Handbook VII | CAPSS road non-exhaust method update announcement,trn_pass_road_LDV / 2W and 3W,"GCAM passenger/ton-km requires occupancy/payload, fleet, speed, fuel and model-year weights."
trn_pass_road_LDV_4W,Car,EJ|billion pass-km,"CAPSS VII Appendix I tailpipe EF equations, g/vehicle-km, parameterized by pollutant, vehicle class, fuel, model year and speed V; calculate the annual factor by Korean fleet/speed weighting. PM10-to-PM2.5 and BC fractions must use the appendix's pollutant-specific rules.",,,National Air Pollutant Emissions Estimation Method Handbook VII | CAPSS road non-exhaust method update announcement,trn_pass_road_LDV_4W / Car|trn_pass_road_LDV_4W / Compact Car|trn_pass_road_LDV_4W / Large Car|trn_pass_road_LDV_4W / Large Car and Truck|trn_pass_road_LDV_4W / Light Truck and SUV|trn_pass_road_LDV_4W / Midsize Car,"GCAM passenger/ton-km requires occupancy/payload, fleet, speed, fuel and model-year weights."
trn_pass_road_LDV_4W,Large Car and Truck,EJ|billion pass-km,"CAPSS VII Appendix I tailpipe EF equations, g/vehicle-km, parameterized by pollutant, vehicle class, fuel, model year and speed V; calculate the annual factor by Korean fleet/speed weighting. PM10-to-PM2.5 and BC fractions must use the appendix's pollutant-specific rules.",,,National Air Pollutant Emissions Estimation Method Handbook VII | CAPSS road non-exhaust method update announcement,trn_pass_road_LDV_4W / Car|trn_pass_road_LDV_4W / Compact Car|trn_pass_road_LDV_4W / Large Car|trn_pass_road_LDV_4W / Large Car and Truck|trn_pass_road_LDV_4W / Light Truck and SUV|trn_pass_road_LDV_4W / Midsize Car,"GCAM passenger/ton-km requires occupancy/payload, fleet, speed, fuel and model-year weights."
trn_shipping_intl,International Ship,EJ|billion ton-km,"Cargo ship, kg/ton fuel: diesel PM2.5/SOx/NOx/VOC/NH3/CO/TSP/PM10=1.4/20S/78.5/2.8/0.007/7.4/1.5/1.5; heavy oil=5.6/20S/79.3/2.7/0.007/7.4/6.2/6.2.",,,National Air Pollutant Emissions Estimation Method Handbook VII,trn_shipping_intl / International Ship,"Requires fuel use, sulfur content, and fuel shares; ton-km is not the factor denominator."
urban processes,aerosols,,Household/commercial solvent VOC=2.64 kg/person-year.,,,National Air Pollutant Emissions Estimation Method Handbook VII,urban processes / landfills|urban processes / waste_incineration|urban processes / wastewater,Population factor is an aggregate proxy; isolate aerosol-product share before use.
urban processes,fire_exting,,NOT APPLICABLE: no direct on-site criteria-pollutant EF; upstream emissions belong to the supplying fuel/electricity sector.,,,National Air Pollutant Emissions Estimation Method Handbook VII,urban processes / landfills|urban processes / waste_incineration|urban processes / wastewater,Fire-extinguishing-agent row is a greenhouse-gas process without a direct criteria EF.
urban processes,landfills,,"CAPSS landfill model: E_CH4=[MSWT*MSWF*MCF*DOC*DOCf*F*(16/12)-R]*(1-OX); defaults MCF=1, DOC=0.082, DOCf=0.77, F=0.5, R=0, OX=0. NMVOC uses landfill-gas flow and Cp=595 ppmv as hexane.",,,National Air Pollutant Emissions Estimation Method Handbook VII,urban processes / landfills|urban processes / waste_incineration|urban processes / wastewater,Equation requires disposed waste history and landfill-gas activity; it is not a zero-order scalar.
urban processes,waste_incineration,,Municipal waste PM2.5/SOx/NOx/VOC/CO/TSP/PM10=0.03258/0.4/1.8/0.02/0.5/0.05/0.0362 kg/ton waste; NH3 unavailable.,,,National Air Pollutant Emissions Estimation Method Handbook VII,urban processes / landfills|urban processes / waste_incineration|urban processes / wastewater,Target activity unit is missing; production use requires tonnes of incinerated waste.
urban processes,wastewater,,NH3: industrial wastewater=0.00381 and residential/commercial wastewater=0.00217 g/ton wastewater (source-unit transcription retained).,,,National Air Pollutant Emissions Estimation Method Handbook VII,urban processes / landfills|urban processes / waste_incineration|urban processes / wastewater,Confirm the handbook's g/ton unit and split wastewater type before use.
